file,lcom4,tcc,c3,lscc,lda_cs,c3_full,wss
NotGodClass_10269.java,1.0,1.0,0.9404,1.0,1.0,0.5081,0.9702
NotGodClass_10293.java,1.0,1.0,0.8508,0.8667,0.3236,0.516,0.9254
NotGodClass_10296.java,1.0,1.0,0.9263,1.0,0.3816,0.1113,0.9631
NotGodClass_10299.java,1.0,0.0,0.8074,0.0,0.576,0.148,0.9037
NotGodClass_10312.java,1.0,0.0,0.9507,0.0,0.3267,0.1778,0.9753
NotGodClass_10313.java,0.5,0.3333,0.8836,0.3333,0.5611,0.2354,0.6918
NotGodClass_10344.java,0.5,0.5,0.8444,0.2148,0.3255,0.2677,0.6722
NotGodClass_10352.java,1.0,1.0,1.0,1.0,1.0,1.0,1.0
NotGodClass_10388.java,1.0,0.0,0.8678,0.0,0.1345,0.1575,0.9339
NotGodClass_10401.java,1.0,1.0,1.0,1.0,1.0,1.0,1.0
NotGodClass_10402.java,1.0,1.0,1.0,1.0,1.0,1.0,1.0
NotGodClass_10414.java,0.1667,0.0,0.6372,0.0,0.2585,0.1141,0.4019
NotGodClass_10419.java,0.5,0.0,0.9917,0.0,0.5335,0.7719,0.7459
NotGodClass_10539.java,0.5,0.0,0.9917,0.0,1.0,0.7828,0.7459
NotGodClass_10549.java,0.5,0.0,0.8316,0.0,0.4699,0.4227,0.6658
NotGodClass_10564.java,0.1429,0.0769,0.6447,0.0769,0.3078,0.2189,0.3938
NotGodClass_10610.java,0.5,0.2857,0.697,0.1061,0.1646,0.1552,0.5985
NotGodClass_10623.java,0.25,0.0,0.5338,0.0,0.4594,0.0692,0.3919
NotGodClass_10635.java,1.0,1.0,0.7496,1.0,0.215,0.2249,0.8748
NotGodClass_10637.java,1.0,1.0,0.9239,1.0,0.7413,0.6306,0.962
NotGodClass_10651.java,1.0,1.0,0.5448,1.0,0.6288,0.1572,0.7724
NotGodClass_10661.java,0.2,0.1232,0.6944,0.1087,0.3095,0.1426,0.4472
NotGodClass_10662.java,1.0,0.0,0.9259,0.0,0.5848,0.2533,0.9629
NotGodClass_10723.java,1.0,1.0,0.8514,1.0,0.3925,0.1531,0.9257
NotGodClass_10761.java,1.0,1.0,1.0,1.0,1.0,1.0,1.0
NotGodClass_10813.java,1.0,1.0,0.7229,1.0,0.5911,0.1247,0.8615
NotGodClass_10822.java,1.0,0.0,0.7608,0.0,0.4414,0.2216,0.8804
NotGodClass_10841.java,1.0,0.5556,0.8184,0.4167,0.2547,0.1784,0.9092
NotGodClass_10842.java,0.25,0.1429,0.5747,0.1429,0.3218,0.1966,0.4123
NotGodClass_10855.java,0.25,0.0,0.6819,0.0,0.4813,0.3352,0.4659
NotGodClass_10879.java,0.5,0.3333,0.9534,0.1667,0.6026,0.1183,0.7267
NotGodClass_10882.java,0.5,0.2,0.817,0.1733,0.3741,0.2202,0.6585
NotGodClass_10884.java,0.5,0.3333,0.9382,0.1667,0.5829,0.1776,0.7191
NotGodClass_10887.java,0.5,0.3333,0.9471,0.2222,0.9972,0.1658,0.7236
NotGodClass_10896.java,0.5,0.0,0.7218,0.0,0.3162,0.1191,0.6109
NotGodClass_10901.java,0.5,0.3333,0.8555,0.2222,0.2658,0.1657,0.6778
NotGodClass_10909.java,0.5,0.3333,0.9575,0.2222,0.599,0.1158,0.7288
NotGodClass_10976.java,0.5,0.0,0.9884,0.0,1.0,0.6029,0.7442
NotGodClass_10981.java,0.5,0.0,0.9733,0.0,0.9999,0.6585,0.7367
NotGodClass_10992.java,0.0476,0.0,0.807,0.0,0.2211,0.2262,0.4273
NotGodClass_10997.java,0.3333,0.0,0.8591,0.0,0.3146,0.2394,0.5962
NotGodClass_11019.java,0.5,0.2857,0.6639,0.1786,0.2235,0.3177,0.5819
NotGodClass_11020.java,1.0,0.0,0.8557,0.0,0.523,0.3142,0.9279
NotGodClass_11026.java,0.2,0.0,0.6274,0.0,0.4186,0.1949,0.4137
NotGodClass_11029.java,0.3333,0.1667,0.7829,0.0741,0.2661,0.1666,0.5581
NotGodClass_11031.java,1.0,1.0,1.0,1.0,1.0,1.0,1.0
NotGodClass_11060.java,0.5,0.0,0.6187,0.0,0.5994,0.1844,0.5594
NotGodClass_11065.java,1.0,0.0667,0.7281,0.0519,0.5411,0.3395,0.864
NotGodClass_11069.java,0.0909,0.0468,0.4986,0.0468,0.2218,0.1116,0.2948
NotGodClass_11070.java,0.1429,0.0,0.829,0.0,0.3612,0.4497,0.4859
NotGodClass_11071.java,1.0,0.0,0.8003,0.0,0.4986,0.3403,0.9002
NotGodClass_11089.java,0.3333,0.2051,0.6614,0.1004,0.3072,0.2782,0.4973
NotGodClass_11096.java,1.0,1.0,0.861,1.0,0.3069,0.3527,0.9305
NotGodClass_11102.java,0.25,0.1377,0.5269,0.0676,0.3084,0.1655,0.3885
NotGodClass_11103.java,0.125,0.0667,0.4324,0.0667,0.2268,0.1011,0.2787
NotGodClass_11117.java,1.0,1.0,0.6026,1.0,0.9981,0.1238,0.8013
NotGodClass_11140.java,0.1667,0.0889,0.5882,0.0889,0.5691,0.3237,0.3774
NotGodClass_11156.java,1.0,1.0,0.8516,1.0,0.6551,0.2695,0.9258
NotGodClass_11168.java,0.25,0.0714,0.6455,0.0536,0.2149,0.2491,0.4477
NotGodClass_11169.java,0.1429,0.0,0.6115,0.0,0.3184,0.1893,0.3772
NotGodClass_11173.java,0.5,0.0,0.8527,0.0,0.2247,0.4028,0.6764
NotGodClass_11174.java,0.5,0.3333,0.7403,0.3333,0.583,0.3338,0.6201
NotGodClass_11177.java,0.2,0.1071,0.5156,0.1071,0.1601,0.2501,0.3578
NotGodClass_11186.java,1.0,1.0,1.0,1.0,1.0,1.0,1.0
NotGodClass_11187.java,0.5,0.1667,0.7798,0.1667,0.256,0.1627,0.6399
NotGodClass_11207.java,1.0,1.0,1.0,1.0,1.0,1.0,1.0
NotGodClass_11208.java,0.5,0.0,0.8628,0.0,0.7292,0.4446,0.6814
NotGodClass_11234.java,1.0,1.0,1.0,1.0,1.0,1.0,1.0
NotGodClass_11238.java,1.0,1.0,0.8423,1.0,1.0,0.5062,0.9212
NotGodClass_11245.java,0.5,0.0,0.7462,0.0,0.4162,0.243,0.6231
NotGodClass_11246.java,1.0,1.0,1.0,1.0,1.0,1.0,1.0
NotGodClass_11252.java,0.125,0.0,0.766,0.0,0.3392,0.2775,0.4455
NotGodClass_11283.java,0.3333,0.1667,0.6128,0.1667,0.4725,0.0428,0.473
NotGodClass_11289.java,0.5,0.0,0.7677,0.0,0.6312,0.0991,0.6339
NotGodClass_11290.java,1.0,1.0,0.7991,1.0,0.642,0.3556,0.8996
NotGodClass_11294.java,1.0,1.0,0.7997,1.0,0.6956,0.2783,0.8999
NotGodClass_11309.java,0.25,0.25,0.7104,0.25,0.1968,0.2009,0.4802
NotGodClass_11320.java,1.0,1.0,0.4253,1.0,0.6286,0.1544,0.7127
NotGodClass_11324.java,1.0,0.4286,0.8058,0.2984,0.234,0.3253,0.9029
NotGodClass_11327.java,0.1111,0.0909,0.7026,0.0909,0.2395,0.1996,0.4068
NotGodClass_11333.java,0.5,0.0476,0.8014,0.0476,0.3357,0.3177,0.6507
NotGodClass_11357.java,1.0,0.3333,0.6107,0.1111,0.3381,0.2395,0.8054
NotGodClass_11365.java,0.2,0.0952,0.7453,0.0952,0.2105,0.2198,0.4727
NotGodClass_11369.java,0.5,0.0,0.7659,0.0,0.3235,0.2527,0.633
NotGodClass_11378.java,0.1667,0.0455,0.6973,0.0455,0.2415,0.1847,0.432
NotGodClass_11380.java,1.0,0.1333,0.8004,0.1119,0.2924,0.2713,0.9002
NotGodClass_11389.java,1.0,0.0,0.9391,0.0,0.9998,0.4079,0.9696
NotGodClass_11423.java,1.0,0.4,0.5892,0.16,0.2758,0.0995,0.7946
NotGodClass_11426.java,0.5,0.2667,0.6282,0.1881,0.1829,0.1242,0.5641
NotGodClass_11433.java,0.3333,0.2,0.6961,0.1222,0.4038,0.0948,0.5147
NotGodClass_11453.java,1.0,0.4222,0.7866,0.3081,0.2015,0.2156,0.8933
NotGodClass_11456.java,1.0,1.0,0.8901,1.0,0.3427,0.0719,0.945
NotGodClass_11458.java,1.0,1.0,0.9135,1.0,0.504,0.1041,0.9567
NotGodClass_11463.java,1.0,0.4222,0.7866,0.3081,0.2015,0.2156,0.8933
NotGodClass_11464.java,1.0,1.0,0.7801,1.0,0.4834,0.2164,0.8901
NotGodClass_11478.java,0.3333,0.1667,0.6411,0.1667,0.468,0.1274,0.4872
NotGodClass_11481.java,0.25,0.1786,0.6511,0.1786,0.2868,0.2943,0.4506
NotGodClass_11483.java,1.0,0.0455,0.7737,0.0455,0.2251,0.141,0.8869
NotGodClass_11495.java,0.25,0.1786,0.576,0.1095,0.1857,0.0893,0.413
NotGodClass_11503.java,1.0,1.0,0.633,1.0,0.5441,0.1417,0.8165
NotGodClass_12193.java,0.5,0.0576,0.6565,0.0238,0.3163,0.1503,0.5782
NotGodClass_12196.java,1.0,1.0,0.8966,1.0,0.6112,0.5106,0.9483
NotGodClass_12197.java,1.0,1.0,0.8148,1.0,0.753,0.3506,0.9074
NotGodClass_12230.java,1.0,1.0,0.9542,1.0,0.9996,0.2453,0.9771
NotGodClass_12237.java,1.0,1.0,0.9649,1.0,1.0,0.5328,0.9825
NotGodClass_12251.java,1.0,1.0,0.9633,1.0,1.0,0.5204,0.9817
NotGodClass_12260.java,0.1667,0.0435,0.6737,0.0336,0.2718,0.1723,0.4202
NotGodClass_12287.java,1.0,1.0,0.9211,1.0,0.2271,0.2978,0.9606
NotGodClass_12296.java,1.0,1.0,1.0,1.0,1.0,1.0,1.0
NotGodClass_12318.java,1.0,1.0,1.0,1.0,1.0,1.0,1.0
NotGodClass_12335.java,1.0,1.0,0.8041,1.0,0.4285,0.2603,0.9021
NotGodClass_12389.java,1.0,1.0,0.9472,1.0,0.3757,0.2209,0.9736
NotGodClass_12429.java,1.0,1.0,1.0,1.0,1.0,1.0,1.0
NotGodClass_12449.java,1.0,1.0,1.0,1.0,1.0,1.0,1.0
NotGodClass_12453.java,0.1111,0.0643,0.6102,0.0643,0.2577,0.1128,0.3606
NotGodClass_12464.java,0.5,0.3571,0.7562,0.2857,0.2637,0.2238,0.6281
NotGodClass_12491.java,0.3333,0.075,0.7919,0.075,0.3355,0.2373,0.5626
NotGodClass_12492.java,1.0,1.0,0.7959,1.0,0.4306,0.3224,0.898
NotGodClass_12501.java,1.0,1.0,1.0,1.0,1.0,1.0,1.0
NotGodClass_12508.java,1.0,1.0,1.0,1.0,1.0,1.0,1.0
NotGodClass_12535.java,1.0,1.0,0.8446,0.2222,0.9958,0.2595,0.9223
NotGodClass_12544.java,0.5,0.0,0.8547,0.0,0.471,0.0,0.6774
NotGodClass_12545.java,0.5,0.0,0.8563,0.0,0.471,0.0,0.6782
NotGodClass_12550.java,1.0,1.0,0.905,1.0,1.0,0.2251,0.9525
NotGodClass_12559.java,0.5,0.0,0.8552,0.0,0.471,0.0,0.6776
NotGodClass_12564.java,0.5,0.0,0.8547,0.0,0.471,0.0,0.6774
NotGodClass_12579.java,0.5,0.0,0.8547,0.0,0.471,0.0,0.6774
NotGodClass_12602.java,0.5,0.0,0.8547,0.0,0.471,0.0,0.6774
NotGodClass_12604.java,0.5,0.0,0.8541,0.0,0.471,0.0,0.677
NotGodClass_12614.java,0.5,0.0,0.8631,0.0,0.471,0.2214,0.6815
NotGodClass_12615.java,0.5,0.0,0.8541,0.0,0.471,0.0,0.677
NotGodClass_12622.java,0.5,0.0,0.8552,0.0,0.471,0.0,0.6776
NotGodClass_12627.java,0.5,0.0,0.8552,0.0,0.471,0.0,0.6776
NotGodClass_12650.java,1.0,1.0,0.8434,1.0,0.5916,0.4391,0.9217
NotGodClass_12666.java,1.0,0.0,0.8518,0.0,0.3467,0.341,0.9259
NotGodClass_12679.java,1.0,0.0,0.8565,0.0,0.4647,0.1384,0.9283
NotGodClass_12711.java,0.3333,0.1944,0.7053,0.125,0.325,0.209,0.5193
NotGodClass_12712.java,0.5,0.1978,0.713,0.1036,0.2856,0.158,0.6065
NotGodClass_12722.java,0.25,0.0278,0.7105,0.0185,0.2872,0.1132,0.4803
NotGodClass_12728.java,0.1667,0.0237,0.7741,0.0184,0.3271,0.1577,0.4704
NotGodClass_12729.java,0.3333,0.175,0.7503,0.1044,0.3572,0.2233,0.5418
NotGodClass_12734.java,0.2,0.431,0.7864,0.3711,0.3774,0.2022,0.4932
NotGodClass_12759.java,0.5,0.4379,0.7267,0.2939,0.2051,0.2081,0.6134
NotGodClass_12797.java,1.0,1.0,0.8439,1.0,0.3776,0.0453,0.922
NotGodClass_12802.java,1.0,1.0,0.854,1.0,0.9993,0.5905,0.927
NotGodClass_12822.java,0.1667,0.0,0.8248,0.0,0.2433,0.2561,0.4957
NotGodClass_12823.java,1.0,1.0,0.9804,1.0,0.9995,0.5801,0.9902
NotGodClass_12834.java,1.0,1.0,0.9637,1.0,0.9997,0.6212,0.9819
NotGodClass_12844.java,1.0,1.0,1.0,1.0,1.0,1.0,1.0
NotGodClass_12845.java,1.0,1.0,1.0,1.0,1.0,1.0,1.0
NotGodClass_12856.java,1.0,1.0,0.668,1.0,0.4378,0.4227,0.834
NotGodClass_12879.java,0.125,0.0588,0.7063,0.0588,0.3031,0.2711,0.4157
NotGodClass_12900.java,1.0,1.0,0.8185,1.0,0.2939,0.2216,0.9093
NotGodClass_12904.java,0.5,0.5,0.7521,0.3939,0.1957,0.1678,0.626
NotGodClass_12923.java,1.0,1.0,0.9196,1.0,0.2022,0.2802,0.9598
NotGodClass_12936.java,0.3333,0.0,0.9423,0.0,0.4342,0.6687,0.6378
NotGodClass_12942.java,0.2,0.0392,0.8746,0.0392,0.2434,0.313,0.5373
NotGodClass_12943.java,0.5,0.5455,0.7632,0.5455,0.3381,0.3277,0.6316
NotGodClass_12958.java,0.2,0.0,0.7128,0.0,0.1895,0.1681,0.4564
NotGodClass_12959.java,1.0,1.0,0.7016,1.0,0.3229,0.145,0.8508
NotGodClass_12962.java,0.3333,0.6341,0.8282,0.4653,0.3061,0.2358,0.5807
NotGodClass_12964.java,1.0,1.0,0.8427,1.0,0.2495,0.2293,0.9214
NotGodClass_12968.java,0.5,0.0667,0.7317,0.0667,0.2471,0.1948,0.6159
NotGodClass_12985.java,1.0,1.0,0.8594,1.0,0.3982,0.1881,0.9297
NotGodClass_12988.java,1.0,1.0,0.863,1.0,0.2926,0.2088,0.9315
NotGodClass_12994.java,1.0,1.0,0.9207,1.0,0.9994,0.1956,0.9604
NotGodClass_12996.java,0.3333,0.011,0.7712,0.011,0.2169,0.2576,0.5523
NotGodClass_13008.java,0.3333,0.0,0.8799,0.0,0.4386,0.4128,0.6066
NotGodClass_13011.java,0.5,0.0,0.8385,0.0,0.6506,0.2228,0.6693
NotGodClass_13019.java,1.0,1.0,0.8581,1.0,0.636,0.4361,0.929
NotGodClass_13024.java,1.0,1.0,0.8667,1.0,0.5993,0.3985,0.9334
NotGodClass_13025.java,0.5,0.25,0.7064,0.1964,0.4199,0.1844,0.6032
NotGodClass_13026.java,0.3333,0.3333,0.7848,0.1694,0.3446,0.2459,0.5591
NotGodClass_13035.java,0.5,0.0,0.7134,0.0,0.6296,0.0886,0.6067
NotGodClass_13039.java,0.5,0.0,0.9313,0.0,0.9994,0.2082,0.7157
NotGodClass_13043.java,1.0,1.0,0.9211,1.0,0.7931,0.5822,0.9606
NotGodClass_13048.java,1.0,1.0,0.8739,1.0,0.5307,0.4011,0.9369
NotGodClass_13071.java,1.0,1.0,0.86,1.0,0.3428,0.5718,0.93
NotGodClass_1427.java,1.0,1.0,0.8589,1.0,0.3348,0.4246,0.9294
NotGodClass_1477.java,1.0,1.0,0.8637,1.0,0.4538,0.1039,0.9319
NotGodClass_14835.java,1.0,1.0,0.9115,1.0,0.6248,0.2543,0.9557
NotGodClass_14851.java,1.0,1.0,0.9234,1.0,1.0,0.9623,0.9617
NotGodClass_14856.java,1.0,1.0,0.9661,1.0,1.0,0.9468,0.983
NotGodClass_14870.java,1.0,1.0,1.0,1.0,1.0,1.0,1.0
NotGodClass_14874.java,1.0,1.0,0.9593,1.0,0.9991,0.8621,0.9797
NotGodClass_14884.java,1.0,1.0,0.8938,1.0,1.0,0.8607,0.9469
NotGodClass_14913.java,1.0,1.0,0.9717,1.0,1.0,0.6406,0.9859
NotGodClass_14914.java,1.0,1.0,0.9153,1.0,0.5738,0.5956,0.9577
NotGodClass_14918.java,1.0,1.0,0.9717,1.0,1.0,0.6406,0.9859
NotGodClass_14920.java,1.0,1.0,1.0,1.0,1.0,1.0,1.0
NotGodClass_14934.java,1.0,1.0,0.9717,1.0,1.0,0.6406,0.9859
NotGodClass_14938.java,1.0,1.0,0.9693,1.0,1.0,0.7199,0.9847
NotGodClass_14957.java,1.0,1.0,0.9717,1.0,1.0,0.6406,0.9859
NotGodClass_14981.java,1.0,1.0,0.9712,1.0,1.0,0.657,0.9856
NotGodClass_14984.java,1.0,1.0,0.9746,1.0,1.0,0.657,0.9873
NotGodClass_14987.java,1.0,1.0,0.8943,1.0,1.0,0.3609,0.9471
NotGodClass_14989.java,1.0,1.0,0.7618,0.6667,0.6098,0.3865,0.8809
NotGodClass_15025.java,1.0,1.0,0.883,1.0,0.5998,0.3357,0.9415
NotGodClass_15063.java,0.5,0.3929,0.8073,0.2173,0.5804,0.2663,0.6537
NotGodClass_15068.java,1.0,1.0,1.0,1.0,1.0,1.0,1.0
NotGodClass_15096.java,1.0,1.0,0.9539,1.0,0.9998,0.5325,0.9769
NotGodClass_15098.java,1.0,1.0,0.9539,1.0,0.9998,0.5325,0.9769
NotGodClass_15108.java,0.3333,0.0,0.6252,0.0,0.2973,0.1506,0.4792
NotGodClass_15109.java,1.0,1.0,0.5067,1.0,0.5512,0.9143,0.7533
NotGodClass_15112.java,0.5,0.3571,0.7469,0.1482,0.1978,0.1471,0.6235
NotGodClass_15116.java,1.0,1.0,0.9568,1.0,0.9996,0.5028,0.9784
NotGodClass_15153.java,0.5,0.0,0.8571,0.0,0.4905,0.0,0.6785
NotGodClass_15157.java,1.0,1.0,0.8788,1.0,0.7677,0.5059,0.9394
NotGodClass_1516.java,1.0,1.0,1.0,1.0,1.0,1.0,1.0
NotGodClass_15161.java,0.2,0.3333,0.6584,0.3333,0.1859,0.1653,0.4292
NotGodClass_1517.java,0.5,0.0,0.8326,0.0,0.9957,0.0732,0.6663
NotGodClass_15208.java,1.0,1.0,0.9417,1.0,0.4788,0.3692,0.9708
NotGodClass_15211.java,1.0,1.0,0.8644,1.0,0.8111,0.8127,0.9322
NotGodClass_15226.java,0.2,0.1273,0.4737,0.0545,0.2554,0.1131,0.3368
NotGodClass_15235.java,0.5,0.0,0.9803,0.0,0.5725,0.6027,0.7401
NotGodClass_15243.java,0.3333,0.3571,0.7478,0.2143,0.1584,0.1927,0.5405
NotGodClass_15273.java,0.5,0.381,0.7245,0.1884,0.4977,0.2582,0.6122
NotGodClass_15283.java,1.0,1.0,1.0,1.0,1.0,1.0,1.0
NotGodClass_15285.java,0.5,0.381,0.7984,0.254,0.4112,0.3263,0.6492
NotGodClass_15289.java,0.5,0.0,0.694,0.0,0.9997,0.4168,0.597
NotGodClass_15298.java,0.0769,0.0,0.6386,0.0,0.2143,0.0933,0.3577
NotGodClass_15380.java,1.0,0.1703,0.8317,0.1486,0.3295,0.1808,0.9159
NotGodClass_15381.java,1.0,0.7143,0.6845,0.3714,0.3655,0.2395,0.8422
NotGodClass_15393.java,0.25,0.1515,0.6482,0.0546,0.2709,0.1281,0.4491
NotGodClass_15394.java,0.5,0.0,0.9,0.0,0.1556,0.2464,0.7
NotGodClass_15398.java,0.5,0.1333,0.6643,0.0807,0.1572,0.2086,0.5821
NotGodClass_15402.java,0.2,0.0,0.7201,0.0,0.4155,0.1595,0.46
NotGodClass_15422.java,1.0,0.075,0.8396,0.0417,0.5071,0.2237,0.9198
NotGodClass_15431.java,0.5,0.5,0.7804,0.4333,0.2854,0.2928,0.6402
NotGodClass_15432.java,0.25,0.0897,0.8265,0.0598,0.1628,0.1654,0.5383
NotGodClass_15436.java,1.0,0.6,0.7491,0.28,0.3576,0.2241,0.8745
NotGodClass_15443.java,1.0,0.3333,0.9036,0.2222,0.6123,0.2247,0.9518
NotGodClass_15451.java,0.3333,0.0,0.939,0.0,0.6441,0.3771,0.6361
NotGodClass_15453.java,0.3333,0.0,0.9219,0.0,0.663,0.3733,0.6276
NotGodClass_15467.java,0.25,0.0,0.8753,0.0,0.2269,0.2515,0.5626
NotGodClass_15483.java,0.25,0.0,0.7973,0.0,0.3133,0.1663,0.5236
NotGodClass_15486.java,0.5,0.163,0.7608,0.1437,0.2837,0.1732,0.6304
NotGodClass_15527.java,1.0,1.0,0.7066,0.8,1.0,0.516,0.8533
NotGodClass_15532.java,1.0,0.4909,0.6454,0.1515,0.3875,0.3389,0.8227
NotGodClass_15535.java,1.0,1.0,0.9002,1.0,0.4158,0.17,0.9501
NotGodClass_15538.java,0.3333,0.1,0.7173,0.0667,0.2332,0.095,0.5253
NotGodClass_15547.java,0.3333,0.2,0.7981,0.1857,0.3587,0.1543,0.5657
NotGodClass_15552.java,1.0,1.0,0.4195,1.0,0.9998,0.5728,0.7097
NotGodClass_15561.java,1.0,1.0,0.8068,1.0,0.6315,0.393,0.9034
NotGodClass_15569.java,1.0,0.1273,0.6503,0.0446,0.2646,0.2704,0.8252
NotGodClass_15580.java,1.0,1.0,0.8926,1.0,0.9996,0.658,0.9463
NotGodClass_15584.java,0.3333,0.0,0.7443,0.0,0.2978,0.1891,0.5388
NotGodClass_15590.java,0.25,0.0,0.8734,0.0,0.2469,0.3378,0.5617
NotGodClass_15595.java,1.0,0.2857,0.6342,0.1165,0.2529,0.1512,0.8171
NotGodClass_15623.java,1.0,1.0,0.8521,1.0,0.153,0.2166,0.9261
NotGodClass_15624.java,0.1111,0.0222,0.6002,0.0222,0.1834,0.0996,0.3556
NotGodClass_15629.java,0.5,0.2667,0.7499,0.1667,0.3534,0.1701,0.625
NotGodClass_15635.java,0.25,0.0,0.7281,0.0,0.6062,0.1371,0.489
NotGodClass_15936.java,0.2,0.1556,0.7346,0.0637,0.2476,0.1047,0.4673
NotGodClass_15948.java,1.0,0.4762,0.8148,0.2664,0.2672,0.1706,0.9074
NotGodClass_15952.java,0.1,0.0,0.6533,0.0,0.1808,0.0785,0.3766
NotGodClass_15990.java,0.0625,0.0114,0.5329,0.0114,0.2404,0.102,0.2977
NotGodClass_16002.java,1.0,1.0,1.0,1.0,1.0,1.0,1.0
NotGodClass_16012.java,1.0,0.0,0.9822,0.0,1.0,0.4316,0.9911
NotGodClass_16020.java,1.0,1.0,1.0,1.0,1.0,1.0,1.0
NotGodClass_16024.java,1.0,1.0,1.0,1.0,1.0,1.0,1.0
NotGodClass_16031.java,1.0,0.0,0.896,0.0,0.5717,0.5458,0.948
NotGodClass_16044.java,0.5,0.0,0.8268,0.0,0.6065,0.3083,0.6634
NotGodClass_16078.java,1.0,1.0,0.798,1.0,0.4806,0.2734,0.899
NotGodClass_16079.java,1.0,1.0,1.0,1.0,1.0,1.0,1.0
NotGodClass_16091.java,1.0,1.0,1.0,1.0,1.0,1.0,1.0
NotGodClass_16094.java,1.0,1.0,1.0,1.0,1.0,1.0,1.0
NotGodClass_16095.java,0.5,0.2308,0.7473,0.1523,0.3175,0.1825,0.6237
NotGodClass_16110.java,1.0,1.0,1.0,1.0,1.0,1.0,1.0
NotGodClass_16113.java,1.0,1.0,1.0,1.0,1.0,1.0,1.0
NotGodClass_16124.java,0.1667,0.0,0.8258,0.0,0.4219,0.1607,0.4962
NotGodClass_16129.java,1.0,1.0,1.0,1.0,1.0,1.0,1.0
NotGodClass_16142.java,1.0,1.0,1.0,1.0,1.0,1.0,1.0
NotGodClass_16146.java,1.0,1.0,1.0,1.0,1.0,1.0,1.0
NotGodClass_16162.java,0.2,0.0278,0.6935,0.0278,0.2665,0.245,0.4467
NotGodClass_16194.java,1.0,0.8667,0.8571,0.6667,0.3,0.5142,0.9285
NotGodClass_16219.java,1.0,1.0,1.0,1.0,1.0,1.0,1.0
NotGodClass_16223.java,0.0625,0.058,0.6169,0.0442,0.2573,0.0808,0.3397
NotGodClass_16228.java,0.1111,0.0862,0.6165,0.0683,0.2558,0.1006,0.3638
NotGodClass_16232.java,1.0,1.0,0.9223,1.0,0.6297,0.7581,0.9611
NotGodClass_16234.java,0.25,0.742,0.7687,0.7056,0.2193,0.0996,0.5093
NotGodClass_16235.java,1.0,1.0,0.8077,0.7222,0.4233,0.1121,0.9039
NotGodClass_1624.java,0.5,0.0,0.8704,0.0,0.509,0.4488,0.6852
NotGodClass_16240.java,1.0,1.0,1.0,1.0,1.0,1.0,1.0
NotGodClass_16253.java,1.0,0.0,0.9209,0.0,1.0,0.4933,0.9605
NotGodClass_16272.java,1.0,1.0,1.0,1.0,1.0,1.0,1.0
NotGodClass_16279.java,1.0,1.0,1.0,1.0,1.0,1.0,1.0
NotGodClass_16286.java,1.0,1.0,1.0,1.0,1.0,1.0,1.0
NotGodClass_1630.java,0.5,0.2381,0.6965,0.0832,0.2494,0.232,0.5982
NotGodClass_16302.java,1.0,0.9111,0.7771,0.7333,0.4658,0.4324,0.8885
NotGodClass_16308.java,1.0,1.0,0.7449,1.0,0.6906,0.6952,0.8724
NotGodClass_16309.java,0.0556,0.0,0.562,0.0,0.3068,0.141,0.3088
NotGodClass_1632.java,1.0,0.2794,0.657,0.1909,0.245,0.1142,0.8285
NotGodClass_16328.java,1.0,0.8333,0.8779,0.3774,0.4134,0.298,0.9389
NotGodClass_16344.java,0.5,0.0,0.8736,0.0,0.5093,0.0585,0.6868
NotGodClass_16364.java,1.0,1.0,0.3655,1.0,0.439,0.0,0.6827
NotGodClass_16373.java,1.0,1.0,1.0,1.0,1.0,1.0,1.0
NotGodClass_16402.java,0.3333,0.0,0.7721,0.0,0.9982,0.2647,0.5527
NotGodClass_16404.java,1.0,0.9333,0.9463,0.7556,0.4791,0.4637,0.9731
NotGodClass_16410.java,0.5,0.0,0.6344,0.0,0.4235,0.0598,0.5672
NotGodClass_16431.java,0.3333,0.2889,0.7312,0.0984,0.275,0.195,0.5323
NotGodClass_16445.java,1.0,0.0,0.6082,0.0,0.4198,0.2307,0.8041
NotGodClass_16457.java,0.5,0.0,0.8736,0.0,0.5093,0.0585,0.6868
NotGodClass_16459.java,0.5,0.0,0.8643,0.0,0.5093,0.0561,0.6822
NotGodClass_16463.java,0.5,0.0,0.8736,0.0,0.5093,0.0585,0.6868
NotGodClass_16478.java,1.0,1.0,0.8609,1.0,0.4304,0.0385,0.9304
NotGodClass_1648.java,0.3333,0.0182,0.7689,0.0182,0.2548,0.196,0.5511
NotGodClass_16497.java,0.5,0.0,0.8174,0.0,0.618,0.3717,0.6587
NotGodClass_16533.java,0.3333,0.2222,0.6602,0.1528,0.2432,0.1585,0.4968
NotGodClass_16535.java,0.5,0.0278,0.7147,0.0185,0.2376,0.2163,0.6074
NotGodClass_16539.java,0.5,0.0727,0.7594,0.0727,0.2123,0.291,0.6297
NotGodClass_16540.java,1.0,1.0,1.0,1.0,1.0,1.0,1.0
NotGodClass_16547.java,1.0,1.0,1.0,1.0,1.0,1.0,1.0
NotGodClass_16579.java,0.1429,0.0,0.7622,0.0,0.2721,0.2078,0.4526
NotGodClass_1658.java,1.0,1.0,0.9451,1.0,0.9999,0.1949,0.9726
NotGodClass_16580.java,1.0,1.0,1.0,1.0,1.0,1.0,1.0
NotGodClass_16583.java,0.5,0.0,0.6422,0.0,0.5245,0.0,0.5711
NotGodClass_16587.java,1.0,1.0,1.0,1.0,1.0,1.0,1.0
NotGodClass_16589.java,1.0,1.0,0.7221,1.0,0.3686,0.2811,0.861
NotGodClass_16610.java,1.0,1.0,0.7802,1.0,0.626,0.0863,0.8901
NotGodClass_16613.java,1.0,1.0,1.0,1.0,1.0,1.0,1.0
NotGodClass_16657.java,1.0,1.0,0.7328,1.0,0.5062,0.2995,0.8664
NotGodClass_16664.java,0.5,0.5,0.7727,0.3667,0.4224,0.2135,0.6363
NotGodClass_1667.java,0.5,0.0,0.6682,0.0,0.9917,0.0522,0.5841
NotGodClass_16674.java,1.0,1.0,0.9248,1.0,0.5552,0.4479,0.9624
NotGodClass_16684.java,1.0,1.0,0.8557,1.0,0.476,0.3665,0.9279
NotGodClass_16688.java,1.0,1.0,1.0,1.0,1.0,1.0,1.0
NotGodClass_16695.java,1.0,1.0,1.0,1.0,1.0,1.0,1.0
NotGodClass_16704.java,1.0,0.0,0.8117,0.0,0.9975,0.6146,0.9059
NotGodClass_16708.java,1.0,1.0,1.0,1.0,1.0,1.0,1.0
NotGodClass_16735.java,0.5,0.0,0.9702,0.0,0.9998,0.2322,0.7351
NotGodClass_16739.java,1.0,1.0,0.6156,1.0,0.495,0.1158,0.8078
NotGodClass_16743.java,1.0,0.1636,0.8656,0.0694,0.1045,0.1581,0.9328
NotGodClass_16760.java,0.5,0.0,0.7171,0.0,0.2255,0.1657,0.6085
NotGodClass_16778.java,0.25,0.2857,0.7564,0.2857,0.243,0.2215,0.5032
NotGodClass_16789.java,1.0,1.0,1.0,1.0,1.0,1.0,1.0
NotGodClass_16810.java,0.0769,0.1383,0.6079,0.1008,0.2356,0.0945,0.3424
NotGodClass_16825.java,0.3333,0.0,0.8854,0.0,0.9984,0.39,0.6093
NotGodClass_16831.java,0.3333,0.0,0.847,0.0,0.4826,0.3796,0.5901
NotGodClass_16832.java,0.5,0.5,0.7858,0.5,0.2855,0.1539,0.6429
NotGodClass_16850.java,1.0,0.0,0.987,0.0,1.0,0.76,0.9935
NotGodClass_16852.java,1.0,0.5333,0.8544,0.2777,0.2613,0.2498,0.9272
NotGodClass_16859.java,0.25,0.0,0.4092,0.0,0.6891,0.0969,0.3296
NotGodClass_16873.java,1.0,1.0,0.8549,1.0,0.4832,0.363,0.9274
NotGodClass_16884.java,1.0,1.0,1.0,1.0,1.0,1.0,1.0
NotGodClass_16896.java,1.0,0.0,0.821,0.0,0.9981,0.629,0.9105
NotGodClass_16898.java,1.0,1.0,1.0,1.0,1.0,1.0,1.0
NotGodClass_16922.java,0.25,0.1071,0.7127,0.0607,0.3548,0.0842,0.4814
NotGodClass_16932.java,1.0,1.0,0.9092,1.0,0.8303,0.635,0.9546
NotGodClass_16951.java,1.0,1.0,0.9264,1.0,0.3575,0.0666,0.9632
NotGodClass_16958.java,1.0,1.0,1.0,1.0,1.0,1.0,1.0
NotGodClass_16962.java,1.0,1.0,0.898,1.0,0.4676,0.5733,0.949
NotGodClass_1697.java,1.0,0.0,0.9366,0.0,0.5843,0.2829,0.9683
NotGodClass_16972.java,1.0,1.0,0.7909,1.0,0.296,0.2773,0.8955
NotGodClass_16975.java,1.0,1.0,0.7685,1.0,0.5871,0.0864,0.8842
NotGodClass_16983.java,1.0,0.6667,0.8175,0.3444,0.9981,0.1578,0.9087
NotGodClass_17025.java,1.0,1.0,0.9231,1.0,0.2858,0.3613,0.9616
NotGodClass_17050.java,0.1429,0.0357,0.7567,0.0357,0.1957,0.1179,0.4498
NotGodClass_17052.java,0.25,0.2789,0.6909,0.2063,0.2441,0.1224,0.4704
NotGodClass_17057.java,0.1667,0.1061,0.7339,0.1061,0.262,0.2233,0.4503
NotGodClass_1723.java,1.0,1.0,1.0,1.0,1.0,1.0,1.0
NotGodClass_17479.java,1.0,1.0,1.0,1.0,1.0,1.0,1.0
NotGodClass_17488.java,0.25,0.1429,0.6627,0.1429,0.4056,0.1927,0.4563
NotGodClass_17496.java,0.2,0.125,0.7578,0.0828,0.4605,0.1397,0.4789
NotGodClass_17507.java,1.0,1.0,1.0,1.0,1.0,1.0,1.0
NotGodClass_1761.java,0.0625,0.0323,0.5075,0.0323,0.2629,0.0718,0.285
NotGodClass_17738.java,1.0,1.0,0.8311,1.0,0.6655,0.3086,0.9155
NotGodClass_1780.java,0.5,0.0,0.637,0.0,0.2207,0.1819,0.5685
NotGodClass_17924.java,0.3333,0.0,0.8056,0.0,0.1969,0.1097,0.5695
NotGodClass_17928.java,0.2,0.2233,0.8075,0.1353,0.2316,0.1492,0.5038
NotGodClass_1797.java,1.0,1.0,1.0,1.0,1.0,1.0,1.0
NotGodClass_18029.java,0.5,0.0833,0.7611,0.0833,0.4166,0.1838,0.6305
NotGodClass_18032.java,1.0,1.0,0.9089,1.0,0.9994,0.2887,0.9545
NotGodClass_18047.java,0.5,0.0,0.6591,0.0,0.9992,0.3814,0.5796
NotGodClass_18058.java,1.0,0.0,0.9272,0.0,0.9993,0.8203,0.9636
NotGodClass_18062.java,0.3333,0.0,0.7381,0.0,0.3936,0.1737,0.5357
NotGodClass_18068.java,1.0,1.0,0.821,1.0,0.5194,0.1718,0.9105
NotGodClass_18081.java,1.0,1.0,1.0,1.0,1.0,1.0,1.0
NotGodClass_18097.java,1.0,1.0,0.8422,1.0,0.9032,0.4215,0.9211
NotGodClass_18098.java,0.1429,0.0769,0.5577,0.0769,0.2815,0.1523,0.3503
NotGodClass_18105.java,1.0,0.0,0.6461,0.0,0.4465,0.1994,0.8231
NotGodClass_18111.java,0.5,0.0368,0.7422,0.0368,0.262,0.2182,0.6211
NotGodClass_18119.java,1.0,0.0,0.687,0.0,0.9972,0.1158,0.8435
NotGodClass_18121.java,0.3333,0.0,0.5513,0.0,0.498,0.1601,0.4423
NotGodClass_18183.java,1.0,1.0,1.0,1.0,1.0,1.0,1.0
NotGodClass_18185.java,1.0,1.0,1.0,1.0,1.0,1.0,1.0
NotGodClass_18192.java,0.05,0.0,0.4726,0.0,0.4036,0.1194,0.2613
NotGodClass_18193.java,1.0,0.0,0.8471,0.0,0.386,0.2372,0.9235
NotGodClass_18213.java,0.5,0.0,0.9513,0.0,0.5164,0.2097,0.7257
NotGodClass_1823.java,1.0,1.0,0.4638,1.0,0.4196,0.0502,0.7319
NotGodClass_18243.java,1.0,1.0,0.8642,1.0,0.5858,0.2462,0.9321
NotGodClass_1826.java,1.0,1.0,1.0,1.0,1.0,1.0,1.0
NotGodClass_18280.java,0.0667,0.0119,0.736,0.0092,0.1873,0.0923,0.4013
NotGodClass_18281.java,1.0,0.9556,0.7536,0.8,0.1869,0.2544,0.8768
NotGodClass_18287.java,0.25,0.0,0.7029,0.0,0.2654,0.1399,0.4764
NotGodClass_18298.java,1.0,1.0,0.6489,0.7778,0.6386,0.1012,0.8245
NotGodClass_18305.java,0.3333,0.0,0.6237,0.0,0.7098,0.0151,0.4785
NotGodClass_18309.java,0.25,0.1061,0.6276,0.0411,0.2545,0.1503,0.4388
NotGodClass_18310.java,1.0,1.0,0.8797,1.0,0.1748,0.2143,0.9399
NotGodClass_18347.java,0.3333,0.0,0.7623,0.0,0.2251,0.2129,0.5478
NotGodClass_18351.java,0.25,0.4615,0.6824,0.3414,0.2288,0.1746,0.4662
NotGodClass_18742.java,1.0,0.0,0.7992,0.0,0.5949,0.1956,0.8996
NotGodClass_1883.java,1.0,1.0,0.8333,0.8,0.3247,0.4122,0.9166
NotGodClass_18916.java,0.5,0.4,0.5694,0.3111,0.3338,0.1059,0.5347
NotGodClass_18933.java,1.0,1.0,1.0,1.0,1.0,1.0,1.0
NotGodClass_18949.java,0.0625,0.0,0.8743,0.0,0.2807,0.3484,0.4684
NotGodClass_18951.java,1.0,1.0,1.0,1.0,1.0,1.0,1.0
NotGodClass_18959.java,1.0,1.0,0.9718,1.0,1.0,0.657,0.9859
NotGodClass_18968.java,0.5,0.0,0.5964,0.0,0.5245,0.0,0.5482
NotGodClass_18992.java,0.0909,0.1057,0.6363,0.0395,0.2197,0.1251,0.3636
NotGodClass_18994.java,0.0909,0.0784,0.6607,0.0225,0.2637,0.1093,0.3758
NotGodClass_19004.java,0.2,0.0,0.7178,0.0,0.5811,0.1476,0.4589
NotGodClass_19009.java,1.0,1.0,1.0,1.0,1.0,1.0,1.0
NotGodClass_19023.java,1.0,1.0,0.9641,1.0,0.5453,0.6053,0.982
NotGodClass_19033.java,1.0,1.0,0.896,1.0,0.6478,0.0434,0.948
NotGodClass_19034.java,1.0,1.0,0.8635,1.0,0.9998,0.2383,0.9318
NotGodClass_19038.java,1.0,1.0,0.8211,1.0,0.8372,0.4102,0.9105
NotGodClass_1904.java,1.0,1.0,1.0,1.0,1.0,1.0,1.0
NotGodClass_19040.java,1.0,1.0,0.8227,1.0,0.3561,0.3808,0.9113
NotGodClass_19045.java,1.0,1.0,0.8939,1.0,0.9988,0.319,0.9469
NotGodClass_19049.java,1.0,1.0,0.764,1.0,0.9999,0.6679,0.882
NotGodClass_1905.java,0.2,0.0158,0.8743,0.0158,0.4252,0.3064,0.5372
NotGodClass_1906.java,1.0,1.0,0.8485,1.0,0.2493,0.1882,0.9243
NotGodClass_1917.java,1.0,1.0,1.0,1.0,1.0,1.0,1.0
NotGodClass_1934.java,1.0,1.0,1.0,1.0,1.0,1.0,1.0
NotGodClass_1937.java,1.0,1.0,1.0,1.0,1.0,1.0,1.0
NotGodClass_1938.java,0.25,0.0,0.7099,0.0,0.4683,0.1962,0.4799
NotGodClass_19418.java,1.0,1.0,0.8883,1.0,0.3439,0.1692,0.9442
NotGodClass_19431.java,1.0,1.0,0.7367,1.0,0.2981,0.295,0.8683
NotGodClass_1954.java,0.1111,0.0385,0.6906,0.0385,0.1709,0.1179,0.4008
NotGodClass_1980.java,1.0,0.0,0.9255,0.0,0.9999,0.3222,0.9627
NotGodClass_1981.java,1.0,1.0,1.0,1.0,1.0,1.0,1.0
NotGodClass_1985.java,0.3333,0.0,0.8314,0.0,0.3854,0.4178,0.5824
NotGodClass_2007.java,1.0,1.0,1.0,1.0,1.0,1.0,1.0
NotGodClass_2020.java,1.0,1.0,0.9241,1.0,0.9997,0.5452,0.9621
NotGodClass_2026.java,1.0,0.0421,0.6987,0.0298,0.2478,0.1177,0.8494
NotGodClass_2029.java,0.5,0.0,0.775,0.0,0.6013,0.0431,0.6375
NotGodClass_2037.java,1.0,0.0,0.8768,0.0,0.3416,0.2683,0.9384
NotGodClass_2038.java,1.0,1.0,1.0,1.0,1.0,1.0,1.0
NotGodClass_2051.java,0.25,0.0173,0.7697,0.0173,0.2682,0.2707,0.5099
NotGodClass_20602.java,1.0,1.0,0.8469,1.0,0.4776,0.236,0.9234
NotGodClass_20617.java,0.0833,0.0435,0.5193,0.0435,0.2476,0.0979,0.3013
NotGodClass_2062.java,0.3333,0.0,0.7949,0.0,0.4099,0.1677,0.5641
NotGodClass_20620.java,0.25,0.0,0.6893,0.0,0.4046,0.1886,0.4697
NotGodClass_2065.java,0.5,0.3,0.8903,0.3,0.3987,0.2869,0.6951
NotGodClass_2075.java,1.0,0.5848,0.7565,0.3211,0.2221,0.1428,0.8782
NotGodClass_2085.java,1.0,1.0,1.0,1.0,1.0,1.0,1.0
NotGodClass_20860.java,0.1667,0.1167,0.5536,0.0767,0.3007,0.1662,0.3601
NotGodClass_20869.java,1.0,1.0,1.0,1.0,1.0,1.0,1.0
NotGodClass_20884.java,1.0,1.0,1.0,1.0,1.0,1.0,1.0
NotGodClass_2093.java,1.0,1.0,0.8979,1.0,0.5616,0.5049,0.9489
NotGodClass_21008.java,1.0,0.2143,0.8184,0.1202,0.2548,0.1152,0.9092
NotGodClass_2104.java,0.125,0.0,0.5844,0.0,0.2314,0.1724,0.3547
NotGodClass_21055.java,1.0,0.0,0.7432,0.0,0.665,0.075,0.8716
NotGodClass_2107.java,0.25,0.0,0.7012,0.0,0.3385,0.0942,0.4756
NotGodClass_21189.java,0.25,0.1429,0.6627,0.0952,0.2896,0.1012,0.4563
NotGodClass_21227.java,1.0,1.0,1.0,1.0,1.0,1.0,1.0
NotGodClass_21231.java,1.0,1.0,1.0,1.0,1.0,1.0,1.0
NotGodClass_21240.java,1.0,1.0,1.0,1.0,1.0,1.0,1.0
NotGodClass_21325.java,1.0,1.0,1.0,1.0,1.0,1.0,1.0
NotGodClass_2133.java,1.0,1.0,0.5605,1.0,0.561,0.1727,0.7802
NotGodClass_21358.java,0.3333,0.0,0.6418,0.0,0.4578,0.3897,0.4876
NotGodClass_21360.java,1.0,1.0,1.0,1.0,1.0,1.0,1.0
NotGodClass_21369.java,0.5,0.0,0.9053,0.0,0.7382,0.4071,0.7026
NotGodClass_21379.java,1.0,1.0,1.0,1.0,1.0,1.0,1.0
NotGodClass_21411.java,0.5,0.0,0.7871,0.0,0.7655,0.3229,0.6436
NotGodClass_21432.java,1.0,1.0,1.0,1.0,1.0,1.0,1.0
NotGodClass_21460.java,1.0,1.0,0.8242,1.0,0.9996,0.0,0.9121
NotGodClass_21462.java,1.0,1.0,0.8263,1.0,0.4612,0.0126,0.9132
NotGodClass_21469.java,1.0,1.0,0.8685,1.0,0.4036,0.3649,0.9343
NotGodClass_21479.java,1.0,1.0,0.8685,1.0,0.4036,0.3649,0.9343
NotGodClass_21480.java,1.0,1.0,1.0,1.0,1.0,1.0,1.0
NotGodClass_2150.java,1.0,1.0,1.0,1.0,1.0,1.0,1.0
NotGodClass_21571.java,1.0,1.0,1.0,1.0,1.0,1.0,1.0
NotGodClass_21589.java,0.3333,0.1667,0.6273,0.1667,0.4406,0.2127,0.4803
NotGodClass_21591.java,1.0,1.0,0.8277,1.0,0.606,0.2053,0.9139
NotGodClass_21596.java,1.0,1.0,1.0,1.0,1.0,1.0,1.0
NotGodClass_2163.java,0.1111,0.0,0.876,0.0,0.158,0.3325,0.4935
NotGodClass_21641.java,1.0,0.6667,0.7527,0.4,0.2791,0.2318,0.8763
NotGodClass_21654.java,0.5,0.5,0.6835,0.5,0.4098,0.2064,0.5917
NotGodClass_21695.java,1.0,1.0,0.7976,0.2857,0.9996,0.3494,0.8988
NotGodClass_21717.java,0.25,0.0667,0.7381,0.0667,0.2423,0.1873,0.494
NotGodClass_21723.java,1.0,1.0,0.9839,1.0,1.0,0.3586,0.9919
NotGodClass_21726.java,0.5,0.1,0.7877,0.02,0.2529,0.1035,0.6439
NotGodClass_21734.java,0.3333,0.0,0.9447,0.0,0.4536,0.1985,0.639
NotGodClass_21877.java,1.0,0.0,0.772,0.0,0.4098,0.2623,0.886
NotGodClass_21908.java,1.0,0.0,0.7129,0.0,0.554,0.1356,0.8564
NotGodClass_21929.java,0.1429,0.0,0.7385,0.0,0.2149,0.2122,0.4407
NotGodClass_21933.java,0.5,0.6667,0.7948,0.6667,0.3864,0.1865,0.6474
NotGodClass_21936.java,0.3333,0.0,0.6499,0.0,0.5566,0.0838,0.4916
NotGodClass_21976.java,0.5,0.0,0.8075,0.0,0.3684,0.0872,0.6538
NotGodClass_21990.java,0.5,0.2381,0.9079,0.0794,0.231,0.3604,0.704
NotGodClass_21991.java,1.0,0.5,0.8462,0.5,0.3402,0.1752,0.9231
NotGodClass_21993.java,0.5,0.0,0.875,0.0,0.6853,0.6947,0.6875
NotGodClass_22001.java,0.25,0.2364,0.8446,0.1818,0.2646,0.2395,0.5473
NotGodClass_22004.java,0.25,0.0476,0.7851,0.0317,0.2528,0.2607,0.5175
NotGodClass_22027.java,0.5,0.0,0.8198,0.0,0.554,0.2444,0.6599
NotGodClass_22029.java,0.5,0.0,0.8026,0.0,0.5935,0.1726,0.6513
NotGodClass_22030.java,1.0,1.0,0.7778,1.0,0.389,0.3321,0.8889
NotGodClass_22032.java,1.0,1.0,0.8098,1.0,0.3823,0.3184,0.9049
NotGodClass_22043.java,0.5,0.0,0.9256,0.0,0.608,0.3987,0.7128
NotGodClass_22055.java,1.0,1.0,0.9528,1.0,0.9993,0.2449,0.9764
NotGodClass_22059.java,1.0,1.0,0.8838,1.0,0.2666,0.5021,0.9419
NotGodClass_22062.java,0.5,0.0,0.7716,0.0,0.2838,0.2944,0.6358
NotGodClass_22063.java,1.0,1.0,0.8674,0.6111,0.6383,0.256,0.9337
NotGodClass_22073.java,1.0,1.0,0.9563,1.0,0.9996,0.1303,0.9782
NotGodClass_22135.java,0.25,0.2,0.6726,0.2,0.243,0.1849,0.4613
NotGodClass_22217.java,1.0,1.0,0.8641,1.0,0.6264,0.5104,0.9321
NotGodClass_22236.java,1.0,1.0,0.8801,1.0,0.6305,0.5465,0.9401
NotGodClass_22244.java,1.0,1.0,0.8808,1.0,0.3899,0.5653,0.9404
NotGodClass_22254.java,1.0,1.0,1.0,1.0,1.0,1.0,1.0
NotGodClass_22257.java,1.0,1.0,1.0,1.0,1.0,1.0,1.0
NotGodClass_22258.java,1.0,0.0857,0.6325,0.0857,0.3282,0.2388,0.8162
NotGodClass_22262.java,1.0,1.0,0.9223,1.0,1.0,0.7237,0.9611
NotGodClass_22266.java,1.0,1.0,1.0,1.0,1.0,1.0,1.0
NotGodClass_22281.java,0.0833,0.0,0.557,0.0,0.2359,0.0814,0.3202
NotGodClass_22287.java,1.0,0.1667,0.6383,0.1667,0.723,0.2522,0.8192
NotGodClass_22290.java,1.0,1.0,0.8549,1.0,0.3607,0.4403,0.9274
NotGodClass_22293.java,0.5,0.3929,0.6529,0.3929,0.2623,0.3228,0.5765
NotGodClass_22297.java,1.0,1.0,0.9717,1.0,1.0,0.6406,0.9859
NotGodClass_22305.java,1.0,1.0,1.0,1.0,1.0,1.0,1.0
NotGodClass_22321.java,1.0,1.0,1.0,1.0,1.0,1.0,1.0
NotGodClass_22338.java,1.0,1.0,0.4089,1.0,0.4612,0.1037,0.7045
NotGodClass_22349.java,1.0,1.0,1.0,1.0,1.0,1.0,1.0
NotGodClass_22369.java,1.0,0.8611,0.841,0.5833,0.3249,0.417,0.9205
NotGodClass_22379.java,1.0,0.3,0.744,0.1873,0.2837,0.223,0.872
NotGodClass_22386.java,0.5,0.0,0.7414,0.0,0.3551,0.0267,0.6207
NotGodClass_22397.java,0.5,0.0,0.6768,0.0,0.9978,0.0,0.5884
NotGodClass_22400.java,1.0,1.0,1.0,1.0,1.0,1.0,1.0
NotGodClass_22812.java,1.0,1.0,1.0,1.0,1.0,1.0,1.0
NotGodClass_2310.java,0.25,0.0,0.788,0.0,0.2389,0.1454,0.519
NotGodClass_2312.java,1.0,1.0,0.7516,1.0,0.6562,0.342,0.8758
NotGodClass_2314.java,0.3333,0.0,0.851,0.0,0.6732,0.489,0.5921
NotGodClass_2317.java,0.3333,0.0,0.9013,0.0,0.7161,0.338,0.6173
NotGodClass_2326.java,1.0,1.0,0.9043,1.0,0.5004,0.2151,0.9522
NotGodClass_2331.java,1.0,1.0,0.8823,1.0,0.7512,0.5672,0.9411
NotGodClass_2335.java,1.0,1.0,0.8914,1.0,0.3281,0.322,0.9457
NotGodClass_23396.java,1.0,1.0,1.0,1.0,1.0,1.0,1.0
NotGodClass_23404.java,1.0,1.0,1.0,1.0,1.0,1.0,1.0
NotGodClass_23411.java,1.0,1.0,0.3969,1.0,0.9994,0.2511,0.6985
NotGodClass_23443.java,1.0,1.0,0.8886,1.0,0.4809,0.4499,0.9443
NotGodClass_23447.java,1.0,1.0,0.7952,0.7619,0.2683,0.1448,0.8976
NotGodClass_23457.java,0.1111,0.1209,0.6956,0.1209,0.2442,0.1142,0.4033
NotGodClass_23465.java,1.0,0.0,0.8971,0.0,0.5199,0.2831,0.9486
NotGodClass_23480.java,1.0,1.0,1.0,1.0,1.0,1.0,1.0
NotGodClass_23482.java,1.0,1.0,0.749,1.0,1.0,0.3994,0.8745
NotGodClass_23488.java,0.5,0.0,0.9173,0.0,0.9994,0.4725,0.7087
NotGodClass_23490.java,0.5,0.0221,0.7575,0.0221,0.4102,0.2274,0.6287
NotGodClass_23503.java,0.2,0.0,0.7828,0.0,0.2544,0.4196,0.4914
NotGodClass_23506.java,0.1667,0.141,0.6405,0.1197,0.2917,0.0921,0.4036
NotGodClass_23509.java,0.3333,0.0476,0.672,0.0476,0.2415,0.1442,0.5027
NotGodClass_23525.java,1.0,1.0,1.0,1.0,1.0,1.0,1.0
NotGodClass_23528.java,0.25,0.0433,0.6281,0.0183,0.204,0.1034,0.439
NotGodClass_23529.java,0.1429,0.05,0.6292,0.0444,0.2506,0.1132,0.3861
NotGodClass_23551.java,1.0,0.0,0.7413,0.0,0.2405,0.1436,0.8706
NotGodClass_23555.java,1.0,0.0779,0.6413,0.046,0.1958,0.0952,0.8206
NotGodClass_23558.java,1.0,1.0,0.852,1.0,0.5539,0.4502,0.926
NotGodClass_23570.java,1.0,1.0,0.9206,1.0,0.9999,0.1752,0.9603
NotGodClass_23575.java,1.0,1.0,0.9758,1.0,0.6271,0.7168,0.9879
NotGodClass_23588.java,1.0,1.0,1.0,1.0,1.0,1.0,1.0
NotGodClass_23595.java,0.1667,0.0833,0.8281,0.0833,0.2941,0.1676,0.4974
NotGodClass_23614.java,0.2,0.1071,0.9287,0.1071,0.397,0.2925,0.5644
NotGodClass_23620.java,1.0,1.0,0.9109,1.0,0.4411,0.0,0.9555
NotGodClass_23648.java,1.0,1.0,1.0,1.0,1.0,1.0,1.0
NotGodClass_23655.java,1.0,1.0,1.0,1.0,1.0,1.0,1.0
NotGodClass_23656.java,1.0,1.0,0.7085,1.0,0.5609,0.3035,0.8542
NotGodClass_23674.java,1.0,1.0,1.0,1.0,1.0,1.0,1.0
NotGodClass_23679.java,0.5,0.0,0.4772,0.0,0.4451,0.2688,0.4886
NotGodClass_23688.java,1.0,1.0,0.852,1.0,0.5539,0.4502,0.926
NotGodClass_23690.java,1.0,0.0,0.8948,0.0,1.0,0.4042,0.9474
NotGodClass_23707.java,1.0,1.0,1.0,1.0,1.0,1.0,1.0
NotGodClass_23730.java,0.5,0.0,0.5984,0.0,0.5245,0.1724,0.5492
NotGodClass_23736.java,0.5,0.0,0.746,0.0,0.6077,0.1433,0.623
NotGodClass_23741.java,0.5,0.0659,0.5154,0.0659,0.2536,0.1498,0.5077
NotGodClass_23752.java,1.0,1.0,1.0,1.0,1.0,1.0,1.0
NotGodClass_23759.java,0.5,0.0,0.664,0.0,0.9988,0.1379,0.582
NotGodClass_23761.java,1.0,0.3007,0.6761,0.1392,0.214,0.1628,0.838
NotGodClass_23771.java,1.0,0.0,0.7152,0.0,0.3964,0.2367,0.8576
NotGodClass_23774.java,1.0,1.0,0.5658,1.0,0.9999,0.3352,0.7829
NotGodClass_23796.java,0.3333,0.0,0.7138,0.0,0.4463,0.1616,0.5235
NotGodClass_23797.java,1.0,0.2222,0.7559,0.0404,0.2725,0.294,0.878
NotGodClass_23822.java,0.5,0.1778,0.7002,0.1481,0.2064,0.2232,0.6001
NotGodClass_23862.java,1.0,1.0,1.0,1.0,1.0,1.0,1.0
NotGodClass_23867.java,0.5,0.0667,0.5214,0.0667,0.2215,0.1062,0.5107
NotGodClass_23872.java,1.0,1.0,1.0,1.0,1.0,1.0,1.0
NotGodClass_2388.java,0.5,0.0,0.7669,0.0,0.6941,0.2836,0.6335
NotGodClass_23885.java,0.25,0.1108,0.699,0.0787,0.2331,0.1388,0.4745
NotGodClass_2389.java,1.0,0.6,0.741,0.28,0.4118,0.3951,0.8705
NotGodClass_23904.java,1.0,1.0,1.0,1.0,1.0,1.0,1.0
NotGodClass_23908.java,1.0,1.0,0.8476,1.0,0.6804,0.3046,0.9238
NotGodClass_23924.java,1.0,0.0,0.7695,0.0,0.5974,0.1113,0.8847
NotGodClass_23960.java,1.0,0.0,0.878,0.0,0.9998,0.4169,0.939
NotGodClass_23961.java,1.0,0.0,0.8724,0.0,0.3407,0.1843,0.9362
NotGodClass_23970.java,1.0,1.0,0.9609,1.0,0.7978,0.5313,0.9805
NotGodClass_23974.java,1.0,1.0,0.8857,1.0,1.0,0.8724,0.9428
NotGodClass_23976.java,0.1111,0.0588,0.5272,0.0588,0.2506,0.0929,0.3191
NotGodClass_23982.java,1.0,1.0,1.0,1.0,1.0,1.0,1.0
NotGodClass_23985.java,0.3333,0.2,0.6534,0.2,0.3749,0.15,0.4933
NotGodClass_23988.java,0.1667,0.0493,0.6727,0.0443,0.2509,0.1151,0.4197
NotGodClass_23989.java,0.3333,0.2,0.5946,0.1164,0.2826,0.161,0.4639
NotGodClass_23990.java,0.5,0.0585,0.7921,0.0439,0.2386,0.2555,0.6461
NotGodClass_24002.java,1.0,1.0,1.0,1.0,1.0,1.0,1.0
NotGodClass_24004.java,0.1667,0.0714,0.6747,0.0714,0.3019,0.1857,0.4207
NotGodClass_24015.java,0.0667,0.0018,0.7314,0.0018,0.2881,0.1787,0.3991
NotGodClass_24044.java,0.5,0.1667,0.7499,0.0792,0.1487,0.1226,0.625
NotGodClass_24057.java,1.0,1.0,0.7415,1.0,0.2142,0.1758,0.8708
NotGodClass_24078.java,0.3333,0.2444,0.7302,0.2074,0.2324,0.2539,0.5317
NotGodClass_24094.java,1.0,0.1417,0.7844,0.1192,0.2858,0.2297,0.8922
NotGodClass_24095.java,1.0,0.5,0.7332,0.25,0.3948,0.2619,0.8666
NotGodClass_24108.java,1.0,1.0,0.3268,1.0,0.9893,0.1919,0.6634
NotGodClass_24110.java,1.0,1.0,0.5637,1.0,0.6488,0.0467,0.7818
NotGodClass_24111.java,0.2,0.0,0.7061,0.0,0.4508,0.1177,0.453
NotGodClass_24119.java,1.0,1.0,1.0,1.0,1.0,1.0,1.0
NotGodClass_24121.java,0.5,0.0,0.8444,0.0,0.3614,0.335,0.6722
NotGodClass_24144.java,1.0,1.0,0.5749,1.0,0.5832,0.1592,0.7874
NotGodClass_24146.java,1.0,1.0,0.5749,1.0,0.5832,0.1592,0.7874
NotGodClass_24148.java,1.0,0.1648,0.6452,0.0916,0.3587,0.1565,0.8226
NotGodClass_24170.java,1.0,1.0,0.7901,1.0,0.1729,0.1683,0.8951
NotGodClass_24171.java,1.0,0.0,0.8042,0.0,0.6123,0.2658,0.9021
NotGodClass_24177.java,0.1667,0.0476,0.7113,0.0476,0.2249,0.1487,0.439
NotGodClass_24178.java,0.3333,0.2381,0.7299,0.2381,0.3884,0.243,0.5316
NotGodClass_24181.java,0.5,0.6,0.836,0.3857,0.2631,0.2334,0.668
NotGodClass_24186.java,1.0,1.0,0.794,1.0,0.3576,0.2817,0.897
NotGodClass_24203.java,1.0,1.0,0.6571,1.0,0.6306,0.2703,0.8286
NotGodClass_24206.java,0.5,0.0,0.95,0.0,0.3273,0.3418,0.725
NotGodClass_2421.java,1.0,1.0,1.0,1.0,1.0,1.0,1.0
NotGodClass_24213.java,1.0,0.0,0.77,0.0,0.2586,0.242,0.885
NotGodClass_24225.java,0.1667,0.0823,0.6482,0.0722,0.2278,0.0841,0.4074
NotGodClass_2423.java,1.0,1.0,0.9028,1.0,0.5965,0.1955,0.9514
NotGodClass_24231.java,0.3333,0.2,0.7631,0.2,0.3266,0.3131,0.5482
NotGodClass_24232.java,0.5,0.0,0.6481,0.0,0.5983,0.0382,0.574
NotGodClass_24235.java,1.0,0.0,0.765,0.0,0.182,0.2982,0.8825
NotGodClass_24238.java,0.1429,0.0,0.8388,0.0,0.1988,0.2449,0.4909
NotGodClass_24247.java,1.0,0.0,0.9092,0.0,0.3843,0.1151,0.9546
NotGodClass_24253.java,0.2,0.0,0.7604,0.0,0.3424,0.4024,0.4802
NotGodClass_24264.java,1.0,0.0,0.9299,0.0,0.6338,0.3166,0.9649
NotGodClass_24265.java,0.0625,0.0285,0.692,0.0214,0.2417,0.1454,0.3772
NotGodClass_24269.java,0.25,0.0,0.8446,0.0,0.4382,0.3316,0.5473
NotGodClass_2427.java,1.0,1.0,0.749,1.0,1.0,0.3994,0.8745
NotGodClass_24271.java,0.5,0.5333,0.7487,0.3333,0.3797,0.2159,0.6243
NotGodClass_24281.java,0.1429,0.0,0.8238,0.0,0.2377,0.112,0.4834
NotGodClass_24294.java,0.5,0.0,0.8565,0.0,0.5878,0.3062,0.6783
NotGodClass_24317.java,1.0,1.0,0.762,1.0,0.2226,0.206,0.881
NotGodClass_24323.java,1.0,0.0,0.8542,0.0,0.3829,0.1577,0.9271
NotGodClass_24330.java,0.5,0.0,0.8053,0.0,0.3941,0.1374,0.6526
NotGodClass_2434.java,0.5,0.6,0.7338,0.45,0.2693,0.2954,0.6169
NotGodClass_24370.java,0.3333,0.2667,0.5089,0.1844,0.2944,0.1344,0.4211
NotGodClass_24378.java,0.3333,0.0714,0.6911,0.0476,0.2627,0.2646,0.5122
NotGodClass_24389.java,0.2,0.2667,0.8361,0.2667,0.2087,0.1881,0.5181
NotGodClass_24448.java,0.5,0.0,0.8578,0.0,0.2451,0.3494,0.6789
NotGodClass_24452.java,1.0,1.0,0.5013,1.0,0.606,0.1019,0.7507
NotGodClass_24474.java,0.5,0.0,0.7065,0.0,0.2712,0.1507,0.6033
NotGodClass_24489.java,1.0,1.0,1.0,1.0,1.0,1.0,1.0
NotGodClass_24502.java,0.5,0.0,0.8277,0.0,0.5821,0.3619,0.6639
NotGodClass_24506.java,0.5,0.0,0.8566,0.0,0.3147,0.2271,0.6783
NotGodClass_24517.java,0.5,0.0,0.5165,0.0,0.6124,0.1417,0.5082
NotGodClass_24520.java,1.0,1.0,0.7128,1.0,0.9998,0.1039,0.8564
NotGodClass_24551.java,1.0,0.0,0.9835,0.0,0.3244,0.6088,0.9918
NotGodClass_24585.java,0.5,0.3,0.7921,0.2333,0.2695,0.231,0.6461
NotGodClass_24588.java,0.25,0.0545,0.7555,0.0545,0.1363,0.124,0.5028
NotGodClass_24589.java,1.0,1.0,0.6787,1.0,0.2704,0.2933,0.8394
NotGodClass_24595.java,1.0,1.0,0.7613,1.0,0.6936,0.281,0.8806
NotGodClass_24602.java,0.5,0.0,0.7132,0.0,0.4506,0.1781,0.6066
NotGodClass_24613.java,1.0,0.0,0.8774,0.0,0.3599,0.2799,0.9387
NotGodClass_24623.java,1.0,0.0,0.8812,0.0,0.2215,0.2798,0.9406
NotGodClass_24625.java,1.0,1.0,0.7981,1.0,0.3814,0.4754,0.8991
NotGodClass_24665.java,0.5,0.0,0.785,0.0,0.2475,0.1288,0.6425
NotGodClass_24990.java,1.0,1.0,0.3734,1.0,0.4191,0.0,0.6867
NotGodClass_24993.java,0.3333,0.0,0.6693,0.0,0.5464,0.2568,0.5013
NotGodClass_24995.java,1.0,0.1333,0.7703,0.1222,0.3333,0.2043,0.8851
NotGodClass_24998.java,0.1429,0.0,0.7848,0.0,0.3252,0.2822,0.4639
NotGodClass_25004.java,1.0,1.0,0.851,1.0,0.4927,0.358,0.9255
NotGodClass_25240.java,0.25,0.0,0.6681,0.0,0.4163,0.2968,0.4591
NotGodClass_25913.java,0.5,0.0,0.6513,0.0,0.6384,0.0966,0.5756
NotGodClass_25921.java,0.5,0.0,0.6509,0.0,0.7476,0.055,0.5755
NotGodClass_25924.java,0.5,0.0,0.6513,0.0,0.6384,0.0966,0.5756
NotGodClass_25927.java,1.0,1.0,1.0,1.0,1.0,1.0,1.0
NotGodClass_25932.java,1.0,1.0,1.0,1.0,1.0,1.0,1.0
NotGodClass_25951.java,0.5,0.0,0.7948,0.0,0.6227,0.2562,0.6474
NotGodClass_25966.java,0.5,0.5,0.6181,0.5,0.4285,0.1046,0.5591
NotGodClass_25976.java,1.0,1.0,0.7331,1.0,0.9999,0.3766,0.8665
NotGodClass_26019.java,1.0,1.0,1.0,1.0,1.0,1.0,1.0
NotGodClass_26028.java,1.0,1.0,0.8527,1.0,0.5532,0.6113,0.9264
NotGodClass_26030.java,0.25,0.0,0.7718,0.0,0.2908,0.2379,0.5109
NotGodClass_26033.java,1.0,1.0,1.0,1.0,1.0,1.0,1.0
NotGodClass_26039.java,1.0,1.0,1.0,1.0,1.0,1.0,1.0
NotGodClass_26044.java,1.0,1.0,0.8014,1.0,0.9999,0.5539,0.9007
NotGodClass_26049.java,1.0,1.0,0.8107,1.0,1.0,0.635,0.9053
NotGodClass_26051.java,0.2,0.0952,0.622,0.0603,0.224,0.1547,0.411
NotGodClass_26072.java,0.1429,0.0333,0.6455,0.0333,0.2565,0.1269,0.3942
NotGodClass_26074.java,0.0333,0.0,0.6598,0.0,0.2975,0.1769,0.3466
NotGodClass_26077.java,1.0,1.0,0.7283,1.0,0.7851,0.7297,0.8641
NotGodClass_26091.java,0.5,0.0758,0.7502,0.0455,0.2187,0.1814,0.6251
NotGodClass_26108.java,0.5,0.1786,0.7321,0.094,0.1904,0.1837,0.616
NotGodClass_26124.java,1.0,0.0,0.7757,0.0,0.382,0.2614,0.8879
NotGodClass_26136.java,1.0,0.9333,0.7817,0.5365,0.2826,0.2714,0.8908
NotGodClass_26142.java,1.0,1.0,0.7579,1.0,0.6202,0.432,0.879
NotGodClass_26145.java,1.0,1.0,0.6472,1.0,1.0,0.2982,0.8236
NotGodClass_26147.java,0.5,0.0909,0.774,0.0558,0.3178,0.303,0.637
NotGodClass_26156.java,1.0,1.0,0.7225,1.0,0.2052,0.2138,0.8613
NotGodClass_26165.java,1.0,0.6667,0.8415,0.6667,0.2482,0.1879,0.9207
NotGodClass_26169.java,0.2,0.3788,0.5066,0.2652,0.2175,0.1406,0.3533
NotGodClass_26173.java,0.25,0.0,0.6829,0.0,0.4389,0.2244,0.4664
NotGodClass_26182.java,0.3333,0.1667,0.898,0.0833,0.9974,0.2773,0.6157
NotGodClass_26188.java,0.5,0.1667,0.7752,0.1667,0.3079,0.4075,0.6376
NotGodClass_26194.java,1.0,0.0,0.9471,0.0,0.3842,0.4488,0.9736
NotGodClass_26202.java,0.25,0.6462,0.7327,0.6462,0.2631,0.2786,0.4914
NotGodClass_26215.java,1.0,1.0,0.7656,1.0,0.3571,0.1346,0.8828
NotGodClass_26256.java,0.3333,0.1667,0.74,0.1667,0.5249,0.0901,0.5366
NotGodClass_26270.java,0.5,0.0,0.534,0.0,0.6699,0.4628,0.517
NotGodClass_26277.java,1.0,1.0,0.8544,1.0,0.5804,0.3519,0.9272
NotGodClass_26293.java,0.5,0.3333,0.6807,0.1733,0.3212,0.1581,0.5903
NotGodClass_26296.java,1.0,1.0,0.8835,1.0,0.9997,0.217,0.9417
NotGodClass_26303.java,0.5,0.3333,0.6913,0.2143,0.1941,0.2213,0.5957
NotGodClass_26318.java,1.0,1.0,0.6231,1.0,0.3485,0.3307,0.8115
NotGodClass_26344.java,0.5,0.971,0.7806,0.971,0.2672,0.2393,0.6403
NotGodClass_2725.java,1.0,1.0,1.0,1.0,1.0,1.0,1.0
NotGodClass_2726.java,1.0,0.3333,0.9083,0.2222,0.3873,0.2783,0.9542
NotGodClass_27706.java,1.0,1.0,0.7467,1.0,0.4146,0.0392,0.8734
NotGodClass_27753.java,0.25,0.0667,0.7212,0.0476,0.1949,0.1824,0.4856
NotGodClass_27761.java,0.3333,0.0,0.7653,0.0,0.403,0.2361,0.5493
NotGodClass_27762.java,0.5,0.0,0.7982,0.0,0.2123,0.1807,0.6491
NotGodClass_27769.java,1.0,0.25,0.5844,0.0671,0.2702,0.1511,0.7922
NotGodClass_27783.java,1.0,1.0,0.6995,1.0,0.3464,0.2585,0.8498
NotGodClass_27785.java,1.0,1.0,0.6642,1.0,0.2113,0.1346,0.8321
NotGodClass_27790.java,0.3333,0.1905,0.6932,0.1587,0.3217,0.1955,0.5132
NotGodClass_2781.java,1.0,1.0,0.8856,1.0,0.6348,0.2076,0.9428
NotGodClass_27900.java,1.0,0.4848,0.7445,0.3838,0.235,0.1467,0.8722
NotGodClass_27906.java,1.0,1.0,0.7143,1.0,0.7098,0.5902,0.8572
NotGodClass_27923.java,0.1,0.0,0.8566,0.0,0.2919,0.211,0.4783
NotGodClass_27946.java,1.0,1.0,1.0,1.0,1.0,1.0,1.0
NotGodClass_27948.java,1.0,1.0,0.9262,1.0,0.7426,0.7087,0.9631
NotGodClass_2795.java,1.0,0.1667,0.861,0.1111,0.3757,0.1824,0.9305
NotGodClass_2796.java,1.0,1.0,1.0,1.0,1.0,1.0,1.0
NotGodClass_27966.java,1.0,0.6912,0.8311,0.6029,0.216,0.1768,0.9155
NotGodClass_27982.java,1.0,0.619,0.7855,0.4762,0.2264,0.295,0.8927
NotGodClass_28024.java,1.0,1.0,1.0,1.0,1.0,1.0,1.0
NotGodClass_28028.java,0.0147,0.0,0.8606,0.0,0.2503,0.2225,0.4377
NotGodClass_28034.java,1.0,1.0,0.8835,1.0,0.3647,0.2219,0.9417
NotGodClass_28035.java,0.5,0.0,0.7893,0.0,0.9999,0.0924,0.6446
NotGodClass_28041.java,0.5,0.0,0.7371,0.0,0.6347,0.1203,0.6185
NotGodClass_28046.java,1.0,1.0,1.0,1.0,1.0,1.0,1.0
NotGodClass_28056.java,0.25,0.1429,0.6886,0.1429,0.2834,0.2767,0.4693
NotGodClass_28057.java,1.0,0.0,0.8666,0.0,0.3117,0.3283,0.9333
NotGodClass_2806.java,1.0,1.0,1.0,1.0,1.0,1.0,1.0
NotGodClass_28069.java,0.0588,0.0,0.6914,0.0,0.2578,0.1197,0.3751
NotGodClass_28125.java,0.5,0.0,0.5555,0.0,0.597,0.1774,0.5277
NotGodClass_28128.java,0.3333,0.0,0.893,0.0,0.9972,0.4916,0.6131
NotGodClass_28129.java,0.25,0.0,0.9389,0.0,0.6604,0.5871,0.5944
NotGodClass_28130.java,1.0,1.0,0.9717,1.0,1.0,0.6406,0.9859
NotGodClass_28138.java,1.0,1.0,1.0,1.0,1.0,1.0,1.0
NotGodClass_28145.java,0.5,0.0,0.8741,0.0,0.6879,0.4221,0.687
NotGodClass_28175.java,1.0,1.0,0.8447,1.0,0.376,0.626,0.9224
NotGodClass_28176.java,0.1667,0.0,0.8105,0.0,0.4029,0.2018,0.4886
NotGodClass_28181.java,1.0,1.0,0.9588,1.0,0.7958,0.5761,0.9794
NotGodClass_28189.java,1.0,0.2681,0.7143,0.0846,0.3095,0.1363,0.8572
NotGodClass_28242.java,1.0,0.0,0.891,0.0,0.2222,0.2732,0.9455
NotGodClass_28246.java,0.5,0.2909,0.7502,0.1836,0.1457,0.307,0.6251
NotGodClass_28300.java,1.0,0.1667,0.8678,0.0898,0.1925,0.1461,0.9339
NotGodClass_28312.java,1.0,0.3333,0.8295,0.3333,0.2453,0.3219,0.9147
NotGodClass_29080.java,1.0,1.0,1.0,1.0,1.0,1.0,1.0
NotGodClass_29239.java,0.5,0.0,0.8948,0.0,0.413,0.3841,0.6974
NotGodClass_29440.java,0.2,0.0,0.8377,0.0,0.497,0.2416,0.5189
NotGodClass_29447.java,0.3333,0.1667,0.8073,0.1111,0.285,0.1655,0.5703
NotGodClass_29457.java,0.5,0.6,0.8641,0.5,0.3704,0.3357,0.6821
NotGodClass_29496.java,1.0,1.0,0.7924,1.0,0.3303,0.2045,0.8962
NotGodClass_29507.java,1.0,1.0,1.0,1.0,1.0,1.0,1.0
NotGodClass_29516.java,0.5,0.0714,0.7268,0.0262,0.1334,0.172,0.6134
NotGodClass_29530.java,0.2,0.3273,0.735,0.2545,0.2703,0.2955,0.4675
NotGodClass_29531.java,1.0,1.0,0.7056,1.0,0.5893,0.3311,0.8528
NotGodClass_29573.java,0.1667,0.0,0.7195,0.0,0.3393,0.1661,0.4431
NotGodClass_29586.java,1.0,1.0,0.8938,1.0,0.6509,0.2281,0.9469
NotGodClass_29587.java,0.5,0.2,0.7453,0.1556,0.2248,0.1576,0.6226
NotGodClass_29602.java,1.0,0.2381,0.7446,0.1128,0.1207,0.1856,0.8723
NotGodClass_29609.java,1.0,1.0,0.8119,1.0,0.2953,0.247,0.906
NotGodClass_29611.java,0.5,0.0,0.9269,0.0,0.7547,0.5238,0.7134
NotGodClass_29633.java,1.0,1.0,0.8221,1.0,0.2007,0.2234,0.9111
NotGodClass_29638.java,1.0,0.0909,0.8824,0.0909,0.1874,0.2612,0.9412
NotGodClass_29646.java,0.2,0.0,0.8309,0.0,0.3657,0.1441,0.5154
NotGodClass_29652.java,0.25,0.0,0.7994,0.0,0.4042,0.2483,0.5247
NotGodClass_29654.java,1.0,1.0,0.9609,1.0,0.7978,0.5313,0.9805
NotGodClass_29686.java,0.2,0.1111,0.8131,0.1111,0.2994,0.2661,0.5066
NotGodClass_29693.java,0.5,0.2381,0.5838,0.0794,0.277,0.1067,0.5419
NotGodClass_29695.java,0.2,0.0,0.7158,0.0,0.6216,0.1535,0.4579
NotGodClass_29712.java,1.0,1.0,0.8157,1.0,0.4922,0.2158,0.9079
NotGodClass_29716.java,1.0,1.0,0.8157,1.0,0.4637,0.2342,0.9079
NotGodClass_29718.java,1.0,1.0,0.8179,1.0,0.4612,0.1325,0.9089
NotGodClass_29731.java,1.0,1.0,0.8158,1.0,0.4434,0.251,0.9079
NotGodClass_29758.java,1.0,1.0,1.0,1.0,1.0,1.0,1.0
NotGodClass_29784.java,0.5,0.0,0.8261,0.0,0.5144,0.0448,0.663
NotGodClass_29801.java,0.5,0.0,0.8268,0.0,0.5144,0.0459,0.6634
NotGodClass_29811.java,0.5,0.0,0.8318,0.0,0.5144,0.0471,0.6659
NotGodClass_29812.java,0.5,0.0,0.8318,0.0,0.5144,0.0471,0.6659
NotGodClass_29829.java,1.0,1.0,0.7291,0.75,0.2922,0.0596,0.8645
NotGodClass_29837.java,0.5,0.0,0.8318,0.0,0.5144,0.0471,0.6659
NotGodClass_29846.java,0.5,0.0,0.8791,0.0,0.5093,0.5586,0.6895
NotGodClass_29855.java,1.0,1.0,1.0,1.0,1.0,1.0,1.0
NotGodClass_29868.java,0.5,0.0,0.7589,0.0,0.4945,0.1103,0.6295
NotGodClass_29876.java,0.1667,0.0909,0.6717,0.0909,0.3463,0.1608,0.4192
NotGodClass_29890.java,1.0,1.0,0.9142,1.0,0.4653,0.1841,0.9571
NotGodClass_29897.java,0.5,0.0,0.7898,0.0,0.4089,0.2072,0.6449
NotGodClass_29908.java,1.0,1.0,0.8805,1.0,0.3402,0.2428,0.9403
NotGodClass_29925.java,1.0,1.0,1.0,1.0,1.0,1.0,1.0
NotGodClass_29928.java,1.0,1.0,1.0,1.0,1.0,1.0,1.0
NotGodClass_29939.java,1.0,1.0,1.0,1.0,1.0,1.0,1.0
NotGodClass_29948.java,1.0,0.2222,0.6888,0.0667,0.2222,0.2101,0.8444
NotGodClass_29973.java,1.0,1.0,0.8547,1.0,0.6343,0.7094,0.9274
NotGodClass_29984.java,1.0,1.0,0.6697,1.0,0.5804,0.6025,0.8348
NotGodClass_29990.java,1.0,1.0,0.8315,1.0,0.6886,0.2387,0.9158
NotGodClass_30042.java,1.0,1.0,0.3521,1.0,0.4763,0.0,0.6761
NotGodClass_30049.java,1.0,0.0,0.7558,0.0,0.2711,0.2217,0.8779
NotGodClass_30182.java,1.0,0.2857,0.6182,0.0635,0.2128,0.1081,0.8091
NotGodClass_30255.java,1.0,1.0,0.5685,1.0,0.5946,0.3194,0.7843
NotGodClass_30256.java,1.0,0.0,0.4723,0.0,0.9933,0.3647,0.7361
NotGodClass_30276.java,0.3333,0.1071,0.551,0.1071,0.3292,0.1876,0.4422
NotGodClass_30278.java,0.5,0.08,0.7622,0.06,0.2483,0.1927,0.6311
NotGodClass_30280.java,0.3333,0.0,0.847,0.0,0.6396,0.3924,0.5901
NotGodClass_30338.java,1.0,1.0,0.9056,1.0,0.3245,0.0447,0.9528
NotGodClass_30339.java,1.0,1.0,0.975,1.0,1.0,0.5226,0.9875
NotGodClass_30358.java,1.0,1.0,1.0,1.0,1.0,1.0,1.0
NotGodClass_30370.java,1.0,1.0,0.8955,1.0,0.6555,0.5717,0.9477
NotGodClass_30375.java,1.0,0.3333,0.837,0.3333,0.4882,0.2156,0.9185
NotGodClass_30376.java,1.0,1.0,0.8955,1.0,0.6555,0.5717,0.9477
NotGodClass_30380.java,1.0,1.0,0.8955,1.0,0.6555,0.5717,0.9477
NotGodClass_30383.java,0.2,0.0,0.5639,0.0,0.3628,0.1343,0.382
NotGodClass_30407.java,1.0,1.0,0.8955,1.0,0.6555,0.5717,0.9477
NotGodClass_30418.java,0.25,0.1333,0.7281,0.1333,0.3298,0.2727,0.489
NotGodClass_30477.java,0.25,0.1429,0.6869,0.119,0.2821,0.266,0.4684
NotGodClass_30485.java,1.0,1.0,0.3078,1.0,0.4306,0.1866,0.6539
NotGodClass_30486.java,1.0,0.4762,0.735,0.4762,0.254,0.2982,0.8675
NotGodClass_30537.java,1.0,1.0,1.0,1.0,1.0,1.0,1.0
NotGodClass_30564.java,1.0,1.0,1.0,1.0,1.0,1.0,1.0
NotGodClass_30609.java,0.0769,0.0,0.5977,0.0,0.2171,0.1055,0.3373
NotGodClass_30623.java,1.0,1.0,1.0,1.0,1.0,1.0,1.0
NotGodClass_30638.java,1.0,1.0,0.5647,1.0,0.5654,0.2807,0.7823
NotGodClass_30646.java,1.0,0.0,0.4723,0.0,0.9933,0.3647,0.7361
NotGodClass_30649.java,1.0,1.0,1.0,1.0,1.0,1.0,1.0
NotGodClass_30656.java,0.3333,0.0,0.7184,0.0,0.4174,0.2675,0.5259
NotGodClass_30664.java,1.0,1.0,1.0,1.0,1.0,1.0,1.0
NotGodClass_30729.java,1.0,1.0,0.975,1.0,1.0,0.5226,0.9875
NotGodClass_30744.java,0.5,0.0,0.8238,0.0,0.9988,0.3964,0.6619
NotGodClass_30769.java,1.0,0.3333,0.837,0.3333,0.4882,0.2156,0.9185
NotGodClass_30771.java,1.0,1.0,0.8955,1.0,0.6555,0.5717,0.9477
NotGodClass_30777.java,0.1429,0.0,0.8159,0.0,0.2643,0.1782,0.4794
NotGodClass_30794.java,1.0,0.1071,0.7238,0.1071,0.3144,0.3032,0.8619
NotGodClass_30859.java,0.3333,0.1667,0.8308,0.1667,0.3466,0.2332,0.582
NotGodClass_30861.java,0.0714,0.0,0.7952,0.0,0.2138,0.1811,0.4333
NotGodClass_30871.java,0.0435,0.1619,0.6265,0.1619,0.2221,0.0955,0.335
NotGodClass_30876.java,1.0,0.4762,0.735,0.4762,0.254,0.2982,0.8675
NotGodClass_31043.java,0.3333,0.0,0.9646,0.0,0.5941,0.4234,0.649
NotGodClass_31115.java,1.0,1.0,0.8467,1.0,1.0,0.7362,0.9234
NotGodClass_31232.java,1.0,1.0,1.0,1.0,1.0,1.0,1.0
NotGodClass_31234.java,1.0,1.0,1.0,1.0,1.0,1.0,1.0
NotGodClass_31255.java,0.5,0.1667,0.8024,0.1667,0.2737,0.1633,0.6512
NotGodClass_31257.java,1.0,1.0,0.7772,1.0,0.3155,0.0997,0.8886
NotGodClass_31306.java,1.0,1.0,0.8971,1.0,0.9997,0.1347,0.9486
NotGodClass_31435.java,0.5,0.2,0.8141,0.1667,0.3647,0.1088,0.6571
NotGodClass_31436.java,1.0,0.0,0.8954,0.0,0.3959,0.3213,0.9477
NotGodClass_31444.java,1.0,1.0,0.765,0.5,0.605,0.3238,0.8825
NotGodClass_31446.java,1.0,1.0,0.6961,1.0,0.2455,0.1895,0.848
NotGodClass_31566.java,0.3333,0.0,0.7106,0.0,0.7561,0.0,0.522
NotGodClass_31602.java,1.0,1.0,0.6706,1.0,0.9999,0.0563,0.8353
NotGodClass_31611.java,0.5,0.4286,0.6629,0.2143,0.2379,0.1125,0.5815
NotGodClass_31626.java,1.0,1.0,0.4825,1.0,0.4122,0.5397,0.7412
NotGodClass_31628.java,0.2,0.0,0.7623,0.0,0.3218,0.2957,0.4811
NotGodClass_31638.java,0.3333,0.0,0.5993,0.0,0.6834,0.0338,0.4663
NotGodClass_31639.java,0.3333,0.0,0.4844,0.0,0.6524,0.0371,0.4088
NotGodClass_31640.java,0.3333,0.0,0.5238,0.0,0.6535,0.0318,0.4285
NotGodClass_31646.java,1.0,1.0,1.0,1.0,1.0,1.0,1.0
NotGodClass_31659.java,0.25,0.0,0.8956,0.0,0.4175,0.6934,0.5728
NotGodClass_31671.java,0.5,0.0,0.8508,0.0,0.3581,0.0243,0.6754
NotGodClass_31673.java,1.0,1.0,0.895,1.0,0.9987,0.0769,0.9475
NotGodClass_31675.java,1.0,1.0,0.8998,1.0,0.3288,0.0806,0.9499
NotGodClass_31676.java,1.0,1.0,0.9131,1.0,0.3071,0.1253,0.9566
NotGodClass_31697.java,0.25,0.0,0.5904,0.0,0.3927,0.0869,0.4202
NotGodClass_31700.java,0.3333,0.0952,0.6455,0.0952,0.2659,0.179,0.4894
NotGodClass_31716.java,1.0,1.0,1.0,1.0,1.0,1.0,1.0
NotGodClass_31731.java,1.0,0.0,0.7061,0.0,0.3463,0.1665,0.853
NotGodClass_31742.java,0.1429,0.0,0.8449,0.0,0.4369,0.3698,0.4939
NotGodClass_31745.java,0.5,0.0,0.8391,0.0,0.5011,0.279,0.6695
NotGodClass_31749.java,1.0,0.0,0.3368,0.0,0.4624,0.0903,0.6684
NotGodClass_31757.java,1.0,1.0,0.6725,1.0,0.3635,0.0986,0.8362
NotGodClass_31764.java,0.5,0.0952,0.6917,0.0952,0.2327,0.1984,0.5958
NotGodClass_31771.java,1.0,0.0833,0.7661,0.0833,0.2619,0.3053,0.8831
NotGodClass_31773.java,0.2,0.0585,0.6914,0.0585,0.2346,0.1698,0.4457
NotGodClass_31780.java,0.3333,0.0,0.8939,0.0,0.3447,0.2381,0.6136
NotGodClass_31798.java,0.5,0.0,0.9166,0.0,0.334,0.4638,0.7083
NotGodClass_31806.java,0.3333,0.0,0.7415,0.0,0.5054,0.3932,0.5374
NotGodClass_31807.java,1.0,0.0,0.7782,0.0,0.9992,0.1918,0.8891
NotGodClass_31833.java,1.0,0.5714,0.7237,0.3571,0.2267,0.2539,0.8619
NotGodClass_31837.java,1.0,0.0,0.9561,0.0,0.519,0.2558,0.978
NotGodClass_31841.java,1.0,0.0,0.9348,0.0,0.9999,0.3884,0.9674
NotGodClass_32169.java,1.0,1.0,1.0,1.0,1.0,1.0,1.0
NotGodClass_32183.java,0.5,0.3333,0.6232,0.3333,0.3133,0.1772,0.5616
NotGodClass_32188.java,1.0,1.0,0.7181,1.0,0.2483,0.2515,0.859
NotGodClass_32209.java,0.5,0.5238,0.7641,0.3937,0.294,0.2463,0.6321
NotGodClass_32217.java,0.25,0.0,0.8428,0.0,0.3171,0.2339,0.5464
NotGodClass_32231.java,0.5,0.0,0.9136,0.0,1.0,0.6425,0.7068
NotGodClass_32233.java,0.1667,0.0,0.8007,0.0,0.3742,0.4692,0.4837
NotGodClass_32242.java,0.5,0.1667,0.7614,0.1667,0.3373,0.2122,0.6307
NotGodClass_32243.java,0.3333,0.1071,0.7187,0.0848,0.3839,0.1582,0.526
NotGodClass_32246.java,0.1667,0.0,0.7102,0.0,0.2094,0.1453,0.4385
NotGodClass_32247.java,1.0,1.0,1.0,1.0,1.0,1.0,1.0
NotGodClass_32260.java,1.0,1.0,1.0,1.0,1.0,1.0,1.0
NotGodClass_32267.java,0.3333,0.0,0.5084,0.0,0.4348,0.0131,0.4208
NotGodClass_32276.java,1.0,1.0,1.0,1.0,1.0,1.0,1.0
NotGodClass_32283.java,0.1667,0.0,0.6875,0.0,0.2829,0.3017,0.4271
NotGodClass_32291.java,1.0,1.0,1.0,1.0,1.0,1.0,1.0
NotGodClass_32299.java,0.5,0.0714,0.784,0.05,0.1275,0.1771,0.642
NotGodClass_32346.java,1.0,0.0,0.8135,0.0,0.9941,0.3598,0.9067
NotGodClass_32403.java,1.0,1.0,0.941,1.0,0.5121,0.1608,0.9705
NotGodClass_32405.java,0.5,0.0,0.9278,0.0,0.4208,0.4767,0.7139
NotGodClass_32413.java,0.3333,0.3,0.6368,0.3,0.2974,0.1516,0.485
NotGodClass_32432.java,1.0,1.0,1.0,1.0,1.0,1.0,1.0
NotGodClass_32443.java,0.5,0.0,0.8575,0.0,0.3715,0.2637,0.6787
NotGodClass_32449.java,0.0208,0.0175,0.6255,0.0135,0.2506,0.0605,0.3231
NotGodClass_32457.java,1.0,1.0,1.0,1.0,1.0,1.0,1.0
NotGodClass_3277.java,1.0,1.0,0.9355,1.0,0.5965,0.2652,0.9677
NotGodClass_3280.java,0.5,0.1429,0.8714,0.0653,0.2245,0.1824,0.6857
NotGodClass_3282.java,0.0909,0.0,0.7564,0.0,0.4185,0.2169,0.4236
NotGodClass_3303.java,0.5,0.0,0.9186,0.0,0.5226,0.1103,0.7093
NotGodClass_3353.java,1.0,0.1,0.8408,0.1,0.3623,0.3595,0.9204
NotGodClass_3371.java,1.0,1.0,0.8593,1.0,0.3258,0.0959,0.9296
NotGodClass_33814.java,0.2,0.0,0.6358,0.0,0.4144,0.0793,0.4179
NotGodClass_3383.java,1.0,1.0,0.7873,1.0,1.0,0.8704,0.8937
NotGodClass_33836.java,1.0,1.0,1.0,1.0,1.0,1.0,1.0
NotGodClass_33847.java,0.1667,0.0,0.6182,0.0,0.2481,0.1189,0.3924
NotGodClass_33854.java,1.0,1.0,1.0,1.0,1.0,1.0,1.0
NotGodClass_33857.java,0.5,0.0,0.5304,0.0,0.642,0.0,0.5152
NotGodClass_33858.java,1.0,1.0,1.0,1.0,1.0,1.0,1.0
NotGodClass_33871.java,0.1111,0.022,0.6569,0.022,0.2019,0.1731,0.384
NotGodClass_33875.java,0.1,0.0588,0.6707,0.0588,0.2692,0.1691,0.3853
NotGodClass_33877.java,1.0,1.0,1.0,1.0,1.0,1.0,1.0
NotGodClass_33888.java,0.25,0.0667,0.7671,0.0667,0.1608,0.1739,0.5086
NotGodClass_33890.java,1.0,0.2667,0.8457,0.2,0.1916,0.3624,0.9228
NotGodClass_33902.java,0.3333,0.0667,0.7279,0.0667,0.4485,0.2234,0.5306
NotGodClass_33906.java,0.2,0.0,0.5819,0.0,0.4111,0.1873,0.391
NotGodClass_33909.java,0.5,0.0833,0.7177,0.0833,0.1851,0.1673,0.6089
NotGodClass_33924.java,1.0,1.0,1.0,1.0,1.0,1.0,1.0
NotGodClass_33928.java,1.0,1.0,1.0,1.0,1.0,1.0,1.0
NotGodClass_33950.java,1.0,0.2143,0.7314,0.1429,0.2258,0.3316,0.8657
NotGodClass_33951.java,1.0,1.0,1.0,1.0,1.0,1.0,1.0
NotGodClass_33953.java,1.0,0.2222,0.7153,0.12,0.1424,0.1809,0.8577
NotGodClass_33964.java,0.5,0.3333,0.6521,0.2222,0.5339,0.4488,0.576
NotGodClass_33981.java,1.0,1.0,1.0,1.0,1.0,1.0,1.0
NotGodClass_33985.java,0.2,0.1389,0.5421,0.1111,0.2495,0.1855,0.371
NotGodClass_33986.java,1.0,1.0,1.0,1.0,1.0,1.0,1.0
NotGodClass_33995.java,1.0,1.0,1.0,1.0,1.0,1.0,1.0
NotGodClass_34014.java,1.0,1.0,0.9851,1.0,1.0,0.9851,0.9926
NotGodClass_34028.java,0.5,0.3556,0.6173,0.2222,0.1923,0.2595,0.5586
NotGodClass_34039.java,1.0,1.0,1.0,1.0,1.0,1.0,1.0
NotGodClass_34042.java,1.0,1.0,1.0,1.0,1.0,1.0,1.0
NotGodClass_34054.java,1.0,1.0,1.0,1.0,1.0,1.0,1.0
NotGodClass_34067.java,1.0,1.0,0.9891,1.0,1.0,0.6839,0.9946
NotGodClass_3407.java,1.0,1.0,0.8249,1.0,0.2301,0.3041,0.9124
NotGodClass_34076.java,1.0,1.0,0.9892,1.0,1.0,0.678,0.9946
NotGodClass_34146.java,0.3333,0.1333,0.7681,0.0889,0.2975,0.1994,0.5507
NotGodClass_34147.java,0.3333,0.2,0.735,0.1333,0.3272,0.2255,0.5342
NotGodClass_3415.java,0.5,0.0,0.7853,0.0,0.9821,0.3327,0.6426
NotGodClass_34159.java,0.5,0.1071,0.6329,0.1071,0.2046,0.1193,0.5665
NotGodClass_34162.java,1.0,1.0,0.8225,1.0,0.2576,0.3205,0.9113
NotGodClass_34174.java,0.3333,0.0,0.766,0.0,0.5199,0.2491,0.5496
NotGodClass_34181.java,0.5,0.0,0.6185,0.0,0.2209,0.1978,0.5593
NotGodClass_34187.java,0.3333,0.0,0.7756,0.0,0.3931,0.2124,0.5544
NotGodClass_34193.java,0.3333,0.0952,0.7257,0.0635,0.213,0.2084,0.5295
NotGodClass_34206.java,0.5,0.4667,0.7662,0.3778,0.1757,0.1855,0.6331
NotGodClass_34207.java,0.25,0.0,0.6938,0.0,0.2914,0.095,0.4719
NotGodClass_34211.java,0.1429,0.0,0.5896,0.0,0.2982,0.1418,0.3663
NotGodClass_34218.java,0.1667,0.0,0.5797,0.0,0.2601,0.1034,0.3732
NotGodClass_34222.java,0.2,0.0,0.6547,0.0,0.5126,0.1255,0.4274
NotGodClass_34227.java,0.3333,0.3,0.8308,0.1571,0.2518,0.1624,0.582
NotGodClass_34243.java,0.25,0.0,0.6623,0.0,0.3079,0.1932,0.4561
NotGodClass_34244.java,0.25,0.0,0.6365,0.0,0.3004,0.1845,0.4432
NotGodClass_34277.java,0.5,0.2381,0.7352,0.1238,0.277,0.2118,0.6176
NotGodClass_34280.java,1.0,0.2,0.8282,0.1111,0.2701,0.1342,0.9141
NotGodClass_34282.java,0.3333,0.0,0.6834,0.0,0.387,0.3614,0.5083
NotGodClass_3429.java,0.25,0.6691,0.6645,0.6691,0.3562,0.1673,0.4572
NotGodClass_34291.java,1.0,0.0,0.7557,0.0,0.6719,0.317,0.8779
NotGodClass_34293.java,1.0,0.0,0.7537,0.0,0.3975,0.3714,0.8769
NotGodClass_3430.java,1.0,0.0278,0.7163,0.0278,0.2307,0.1739,0.8581
NotGodClass_34320.java,0.5,0.3077,0.7093,0.2735,0.3324,0.2828,0.6047
NotGodClass_34322.java,0.1429,0.0,0.9385,0.0,0.7292,0.5386,0.5407
NotGodClass_34323.java,1.0,1.0,0.9228,1.0,0.4268,0.3763,0.9614
NotGodClass_34338.java,0.25,0.0,0.6953,0.0,0.3515,0.2539,0.4727
NotGodClass_34343.java,1.0,1.0,0.6929,1.0,0.9961,0.1878,0.8464
NotGodClass_34346.java,1.0,0.0,0.8068,0.0,0.9982,0.3337,0.9034
NotGodClass_34347.java,0.5,0.0,0.8915,0.0,0.5517,0.4594,0.6957
NotGodClass_34358.java,0.25,0.2857,0.6324,0.2857,0.3532,0.1995,0.4412
NotGodClass_34363.java,0.25,0.1429,0.6955,0.1111,0.2628,0.149,0.4728
NotGodClass_3437.java,0.5,0.0,0.6811,0.0,0.2755,0.1663,0.5906
NotGodClass_34373.java,0.3333,0.3214,0.5705,0.15,0.1873,0.1322,0.4519
NotGodClass_34379.java,1.0,1.0,0.933,1.0,0.9999,0.5829,0.9665
NotGodClass_34381.java,0.2,0.0667,0.4839,0.05,0.2284,0.1788,0.3419
NotGodClass_34387.java,0.3333,0.0,0.8126,0.0,0.4154,0.1363,0.5729
NotGodClass_34401.java,0.25,0.0667,0.5681,0.0667,0.2554,0.0876,0.4091
NotGodClass_34409.java,1.0,1.0,1.0,1.0,1.0,1.0,1.0
NotGodClass_3441.java,0.1429,0.0,0.9273,0.0,0.5641,0.4089,0.5351
NotGodClass_34426.java,0.3333,0.0,0.7296,0.0,0.5461,0.3681,0.5314
NotGodClass_34435.java,0.5,0.3333,0.7839,0.3333,0.3648,0.6311,0.642
NotGodClass_34458.java,0.25,0.2143,0.6733,0.1667,0.3875,0.3044,0.4617
NotGodClass_34464.java,0.3333,0.0,0.7203,0.0,0.281,0.1894,0.5268
NotGodClass_34473.java,1.0,0.3333,0.6643,0.1831,0.3632,0.2922,0.8321
NotGodClass_34496.java,0.25,0.0,0.6236,0.0,0.302,0.0888,0.4368
NotGodClass_34505.java,0.25,0.0,0.6128,0.0,0.4057,0.09,0.4314
NotGodClass_34508.java,0.5,0.0,0.8023,0.0,0.6031,0.2608,0.6512
NotGodClass_34525.java,0.25,0.1515,0.5613,0.0855,0.2981,0.1504,0.4057
NotGodClass_34539.java,1.0,1.0,1.0,1.0,1.0,1.0,1.0
NotGodClass_34557.java,0.25,0.0,0.6052,0.0,0.347,0.2266,0.4276
NotGodClass_34584.java,0.3333,0.0,0.6356,0.0,0.2957,0.1093,0.4845
NotGodClass_34586.java,0.5,0.0,0.581,0.0,0.2631,0.0649,0.5405
NotGodClass_34603.java,1.0,1.0,0.8779,1.0,0.3047,0.343,0.9389
NotGodClass_3477.java,0.1111,0.2,0.7255,0.181,0.1982,0.1664,0.4183
NotGodClass_3509.java,1.0,0.0,0.8766,0.0,0.3404,0.1532,0.9383
NotGodClass_3510.java,1.0,0.0,0.8715,0.0,0.9997,0.4234,0.9358
NotGodClass_3527.java,0.5,0.6,0.8017,0.479,0.2919,0.2725,0.6508
NotGodClass_3532.java,0.3333,0.3,0.8486,0.3,0.3406,0.252,0.5909
NotGodClass_3538.java,0.5,0.3333,0.7458,0.3333,0.492,0.1653,0.6229
NotGodClass_3558.java,0.5,0.5,0.6765,0.3182,0.2655,0.1698,0.5882
NotGodClass_3567.java,0.5,0.0,0.9866,0.0,1.0,0.7636,0.7433
NotGodClass_3617.java,1.0,1.0,0.7707,1.0,0.2248,0.2127,0.8854
NotGodClass_3620.java,1.0,1.0,0.9676,1.0,0.9998,0.4073,0.9838
NotGodClass_3636.java,1.0,1.0,1.0,1.0,1.0,1.0,1.0
NotGodClass_3640.java,0.5,0.1978,0.6063,0.1465,0.3925,0.2683,0.5532
NotGodClass_3643.java,0.5,0.0095,0.8433,0.0095,0.3652,0.3322,0.6717
NotGodClass_36868.java,1.0,1.0,0.5993,1.0,0.998,0.1056,0.7996
NotGodClass_3792.java,1.0,0.0,0.8627,0.0,0.4085,0.2268,0.9314
NotGodClass_3798.java,1.0,1.0,1.0,1.0,1.0,1.0,1.0
NotGodClass_38010.java,0.1,0.025,0.5704,0.0153,0.215,0.1296,0.3352
NotGodClass_38018.java,1.0,1.0,1.0,1.0,1.0,1.0,1.0
NotGodClass_38020.java,1.0,0.5,0.7331,0.1944,0.4827,0.2278,0.8665
NotGodClass_3815.java,1.0,0.0,0.9009,0.0,0.9975,0.2122,0.9505
NotGodClass_3833.java,1.0,1.0,0.9014,1.0,0.529,0.3969,0.9507
NotGodClass_3853.java,0.5,0.6667,0.6351,0.6667,0.3152,0.0963,0.5675
NotGodClass_3869.java,0.5,0.0,0.7488,0.0,0.9973,0.1098,0.6244
NotGodClass_3872.java,0.25,0.0,0.6425,0.0,0.4263,0.2994,0.4462
NotGodClass_3874.java,1.0,1.0,0.8639,1.0,1.0,0.383,0.932
NotGodClass_3876.java,1.0,1.0,0.9297,1.0,0.4006,0.469,0.9648
NotGodClass_3886.java,0.2,0.0,0.7478,0.0,0.7362,0.093,0.4739
NotGodClass_3887.java,0.2,0.0,0.7339,0.0,0.3147,0.1218,0.4669
NotGodClass_3889.java,0.3333,0.0,0.7593,0.0,0.5999,0.077,0.5463
NotGodClass_3892.java,0.25,0.0,0.7428,0.0,0.2281,0.2408,0.4964
NotGodClass_3908.java,0.5,0.3333,0.7689,0.3333,0.6336,0.1266,0.6344
NotGodClass_39088.java,1.0,1.0,1.0,1.0,1.0,1.0,1.0
NotGodClass_39092.java,0.25,0.0,0.8053,0.0,0.1925,0.2959,0.5276
NotGodClass_39096.java,1.0,1.0,1.0,1.0,1.0,1.0,1.0
NotGodClass_39102.java,0.25,0.0357,0.8261,0.0357,0.1699,0.2122,0.538
NotGodClass_39105.java,0.2,0.0,0.778,0.0,0.2598,0.2011,0.489
NotGodClass_3911.java,1.0,1.0,0.7778,1.0,0.2936,0.1735,0.8889
NotGodClass_39117.java,1.0,1.0,1.0,1.0,1.0,1.0,1.0
NotGodClass_39121.java,1.0,1.0,0.8259,1.0,0.572,0.2976,0.9129
NotGodClass_39144.java,1.0,1.0,1.0,1.0,1.0,1.0,1.0
NotGodClass_39156.java,1.0,1.0,0.7959,1.0,0.5909,0.3453,0.898
NotGodClass_39157.java,1.0,1.0,0.7959,1.0,0.5909,0.3453,0.898
NotGodClass_39180.java,1.0,1.0,1.0,1.0,1.0,1.0,1.0
NotGodClass_39183.java,1.0,1.0,0.7952,1.0,0.6155,0.3214,0.8976
NotGodClass_39198.java,1.0,1.0,0.8259,1.0,0.572,0.2976,0.9129
NotGodClass_3920.java,1.0,0.0,0.9764,0.0,0.6002,0.4207,0.9882
NotGodClass_39215.java,1.0,1.0,1.0,1.0,1.0,1.0,1.0
NotGodClass_39216.java,1.0,1.0,1.0,1.0,1.0,1.0,1.0
NotGodClass_39224.java,1.0,1.0,1.0,1.0,1.0,1.0,1.0
NotGodClass_3923.java,1.0,1.0,1.0,1.0,1.0,1.0,1.0
NotGodClass_3925.java,1.0,1.0,1.0,1.0,1.0,1.0,1.0
NotGodClass_39252.java,1.0,1.0,1.0,1.0,1.0,1.0,1.0
NotGodClass_39259.java,1.0,1.0,1.0,1.0,1.0,1.0,1.0
NotGodClass_39262.java,1.0,1.0,1.0,1.0,1.0,1.0,1.0
NotGodClass_39272.java,1.0,1.0,0.7917,1.0,0.3807,0.0773,0.8959
NotGodClass_39295.java,1.0,1.0,1.0,1.0,1.0,1.0,1.0
NotGodClass_39296.java,1.0,0.0,0.7508,0.0,0.28,0.2727,0.8754
NotGodClass_39298.java,1.0,1.0,1.0,1.0,1.0,1.0,1.0
NotGodClass_39307.java,1.0,1.0,1.0,1.0,1.0,1.0,1.0
NotGodClass_39313.java,1.0,0.3,0.7111,0.3,0.3426,0.1676,0.8556
NotGodClass_39332.java,1.0,1.0,1.0,1.0,1.0,1.0,1.0
NotGodClass_39336.java,1.0,1.0,0.8024,1.0,0.3751,0.0,0.9012
NotGodClass_3934.java,1.0,1.0,1.0,1.0,1.0,1.0,1.0
NotGodClass_39343.java,0.5,0.0,0.8987,0.0,0.6313,0.4323,0.6994
NotGodClass_3936.java,1.0,1.0,0.955,1.0,0.9998,0.2202,0.9775
NotGodClass_39360.java,1.0,1.0,0.876,1.0,0.4243,0.0899,0.938
NotGodClass_39369.java,0.5,0.2,0.6714,0.2,0.4821,0.2393,0.5857
NotGodClass_39374.java,0.2,0.0,0.7447,0.0,0.2654,0.1659,0.4724
NotGodClass_3938.java,1.0,1.0,0.8878,1.0,0.9993,0.553,0.9439
NotGodClass_39414.java,1.0,1.0,1.0,1.0,1.0,1.0,1.0
NotGodClass_3943.java,1.0,1.0,0.746,1.0,0.3581,0.2148,0.873
NotGodClass_39434.java,1.0,1.0,1.0,1.0,1.0,1.0,1.0
NotGodClass_39440.java,0.5,0.0,0.5351,0.0,0.6379,0.1006,0.5175
NotGodClass_3947.java,1.0,1.0,1.0,1.0,1.0,1.0,1.0
NotGodClass_39499.java,0.1667,0.0,0.6934,0.0,0.2116,0.1491,0.43
NotGodClass_39506.java,1.0,0.4,0.6246,0.16,0.536,0.391,0.8123
NotGodClass_39510.java,0.2,0.0667,0.6799,0.0667,0.6002,0.3103,0.4399
NotGodClass_39526.java,1.0,1.0,0.492,1.0,0.6244,0.2376,0.746
NotGodClass_39547.java,1.0,1.0,1.0,1.0,1.0,1.0,1.0
NotGodClass_39562.java,1.0,0.0,0.832,0.0,0.6354,0.4439,0.916
NotGodClass_39578.java,1.0,1.0,0.8757,1.0,0.3746,0.3566,0.9379
NotGodClass_3958.java,1.0,1.0,0.85,1.0,0.3544,0.2308,0.925
NotGodClass_39587.java,0.5,0.5,0.7932,0.3333,0.3687,0.1248,0.6466
NotGodClass_39588.java,0.3333,0.0,0.8709,0.0,0.4216,0.3178,0.6021
NotGodClass_39595.java,0.25,0.0,0.5843,0.0,0.2123,0.0935,0.4172
NotGodClass_39611.java,1.0,1.0,0.9114,1.0,0.4971,0.4083,0.9557
NotGodClass_39613.java,1.0,0.0,0.7182,0.0,0.4442,0.148,0.8591
NotGodClass_39616.java,0.5,0.0,0.6891,0.0,0.2634,0.1327,0.5946
NotGodClass_39632.java,1.0,1.0,0.7659,1.0,0.3664,0.3191,0.883
NotGodClass_39644.java,0.5,0.0,0.8628,0.0,0.6372,0.3149,0.6814
NotGodClass_39661.java,1.0,1.0,1.0,1.0,1.0,1.0,1.0
NotGodClass_39662.java,1.0,1.0,1.0,1.0,1.0,1.0,1.0
NotGodClass_39671.java,0.5,0.5,0.7326,0.5,0.4611,0.0744,0.6163
NotGodClass_39676.java,0.25,0.0,0.7098,0.0,0.4399,0.4098,0.4799
NotGodClass_39683.java,0.5,0.0,0.7619,0.0,0.6,0.337,0.631
NotGodClass_39698.java,1.0,1.0,0.7823,1.0,0.4858,0.254,0.8911
NotGodClass_39718.java,0.1667,0.0667,0.6747,0.0667,0.3631,0.1509,0.4207
NotGodClass_39721.java,0.1,0.0,0.6969,0.0,0.2189,0.1646,0.3984
NotGodClass_39731.java,0.5,0.0,0.8495,0.0,0.6224,0.1933,0.6747
NotGodClass_39736.java,1.0,0.0,0.8618,0.0,0.3153,0.2164,0.9309
NotGodClass_3974.java,1.0,1.0,0.9606,1.0,0.9999,0.5786,0.9803
NotGodClass_39741.java,0.1429,0.0357,0.6045,0.0357,0.3401,0.1381,0.3737
NotGodClass_39745.java,0.5,0.3333,0.7506,0.3333,0.5796,0.1184,0.6253
NotGodClass_39747.java,0.5,0.5,0.6274,0.5,0.3941,0.1037,0.5637
NotGodClass_39749.java,1.0,0.0667,0.7408,0.0667,0.1586,0.161,0.8704
NotGodClass_39759.java,1.0,1.0,0.8964,1.0,0.4396,0.4973,0.9482
NotGodClass_3983.java,1.0,0.3214,0.6722,0.2381,0.2032,0.1867,0.8361
NotGodClass_39878.java,0.5,0.3333,0.8057,0.3333,0.6168,0.1213,0.6528
NotGodClass_39886.java,1.0,1.0,1.0,1.0,1.0,1.0,1.0
NotGodClass_39892.java,0.5,0.0,0.7781,0.0,0.3617,0.2394,0.6391
NotGodClass_39895.java,1.0,1.0,0.8345,1.0,0.7483,0.6579,0.9173
NotGodClass_39923.java,0.3333,0.1905,0.5223,0.0762,0.2987,0.064,0.4278
NotGodClass_39929.java,1.0,0.75,0.5911,0.4918,0.2095,0.1525,0.7955
NotGodClass_39956.java,0.3333,0.7075,0.7389,0.4971,0.2579,0.1113,0.5361
NotGodClass_39971.java,1.0,1.0,1.0,1.0,1.0,1.0,1.0
NotGodClass_39972.java,0.5,0.0,0.734,0.0,0.5856,0.0231,0.617
NotGodClass_39995.java,0.5,0.2667,0.6474,0.2667,0.3397,0.1917,0.5737
NotGodClass_40023.java,1.0,0.6667,0.8535,0.3444,0.5023,0.423,0.9267
NotGodClass_40034.java,0.5,0.1515,0.7561,0.1364,0.2423,0.1335,0.628
NotGodClass_40041.java,1.0,1.0,1.0,1.0,1.0,1.0,1.0
NotGodClass_4009.java,1.0,0.3462,0.6362,0.1068,0.5142,0.2964,0.8181
NotGodClass_40099.java,0.2,0.0,0.6929,0.0,0.5465,0.2385,0.4465
NotGodClass_40106.java,0.2,0.1111,0.7906,0.1111,0.3274,0.2254,0.4953
NotGodClass_40109.java,0.3333,0.1389,0.7621,0.0833,0.1748,0.0932,0.5477
NotGodClass_40121.java,0.25,0.2771,0.72,0.1293,0.2302,0.1284,0.485
NotGodClass_40127.java,1.0,0.0,0.8187,0.0,0.2168,0.1165,0.9093
NotGodClass_40159.java,0.25,0.0,0.7098,0.0,0.1737,0.1806,0.4799
NotGodClass_40160.java,0.5,0.0,0.7087,0.0,0.1721,0.2528,0.6043
NotGodClass_40191.java,0.125,0.0278,0.5414,0.0278,0.1916,0.071,0.3332
NotGodClass_40194.java,0.1429,0.1061,0.6032,0.0399,0.2296,0.1815,0.373
NotGodClass_40204.java,1.0,0.7143,0.9103,0.5873,0.3228,0.3511,0.9551
NotGodClass_40216.java,0.25,0.2727,0.6542,0.2727,0.2403,0.084,0.4521
NotGodClass_40225.java,0.125,0.0,0.6823,0.0,0.2661,0.0825,0.4037
NotGodClass_4024.java,0.5,0.0,0.7737,0.0,0.6817,0.0318,0.6369
NotGodClass_40241.java,0.2,0.0,0.568,0.0,0.2307,0.091,0.384
NotGodClass_40244.java,1.0,1.0,0.8479,1.0,0.9972,0.2578,0.924
NotGodClass_40253.java,1.0,0.0,0.8825,0.0,0.4438,0.2377,0.9412
NotGodClass_40270.java,1.0,1.0,1.0,1.0,1.0,1.0,1.0
NotGodClass_40273.java,1.0,1.0,1.0,1.0,1.0,1.0,1.0
NotGodClass_40288.java,1.0,1.0,0.8158,1.0,0.9918,0.0787,0.9079
NotGodClass_40299.java,1.0,1.0,1.0,1.0,1.0,1.0,1.0
NotGodClass_4031.java,0.0769,0.0,0.5508,0.0,0.2345,0.0934,0.3138
NotGodClass_40331.java,1.0,1.0,1.0,1.0,1.0,1.0,1.0
NotGodClass_40340.java,0.3333,0.0,0.7694,0.0,0.4288,0.0736,0.5514
NotGodClass_40341.java,1.0,1.0,1.0,1.0,1.0,1.0,1.0
NotGodClass_4035.java,0.5,0.0,0.9861,0.0,0.5798,0.55,0.743
NotGodClass_40357.java,1.0,1.0,1.0,1.0,1.0,1.0,1.0
NotGodClass_40360.java,1.0,1.0,0.9397,1.0,0.9999,0.5782,0.9698
NotGodClass_40366.java,1.0,1.0,1.0,1.0,1.0,1.0,1.0
NotGodClass_40387.java,0.0909,0.0117,0.7679,0.0117,0.2535,0.1481,0.4294
NotGodClass_40394.java,1.0,1.0,0.8145,1.0,0.5221,0.0,0.9073
NotGodClass_40395.java,1.0,1.0,1.0,1.0,1.0,1.0,1.0
NotGodClass_40403.java,1.0,1.0,0.9054,1.0,0.9952,0.1106,0.9527
NotGodClass_40413.java,1.0,0.0,0.9081,0.0,0.3405,0.4326,0.9541
NotGodClass_40446.java,0.1667,0.0,0.9154,0.0,0.367,0.5932,0.5411
NotGodClass_40448.java,0.1667,0.0,0.7934,0.0,0.3047,0.1465,0.48
NotGodClass_40460.java,0.5,0.0,0.8748,0.0,0.4285,0.2958,0.6874
NotGodClass_4053.java,0.5,0.5439,0.6603,0.3247,0.2269,0.1525,0.5801
NotGodClass_4054.java,0.5,0.1478,0.6345,0.0512,0.2864,0.1625,0.5673
NotGodClass_40557.java,0.5,0.0,0.9156,0.0,0.9958,0.772,0.7078
NotGodClass_40573.java,1.0,1.0,1.0,1.0,1.0,1.0,1.0
NotGodClass_40576.java,1.0,1.0,0.9874,1.0,0.7449,0.9219,0.9937
NotGodClass_4058.java,1.0,1.0,1.0,1.0,1.0,1.0,1.0
NotGodClass_40618.java,0.25,0.0,0.8349,0.0,0.4734,0.3319,0.5424
NotGodClass_40623.java,0.1667,0.1111,0.5973,0.1111,0.3407,0.1656,0.382
NotGodClass_40636.java,0.2,0.0667,0.5928,0.0667,0.278,0.1672,0.3964
NotGodClass_40662.java,1.0,1.0,0.6489,1.0,0.3853,0.0,0.8245
NotGodClass_40694.java,0.3333,0.0,0.9233,0.0,0.4538,0.3791,0.6283
NotGodClass_40696.java,1.0,1.0,0.7017,1.0,0.4055,0.0496,0.8508
NotGodClass_40722.java,1.0,1.0,0.8683,1.0,0.9911,0.0679,0.9342
NotGodClass_40725.java,1.0,1.0,0.8233,1.0,0.3818,0.0767,0.9117
NotGodClass_40737.java,1.0,1.0,0.8272,1.0,0.9933,0.046,0.9136
NotGodClass_40740.java,1.0,0.0,0.8749,0.0,0.9996,0.1328,0.9375
NotGodClass_40745.java,1.0,1.0,0.8249,1.0,0.9935,0.0464,0.9124
NotGodClass_40770.java,1.0,1.0,0.743,1.0,0.4111,0.0198,0.8715
NotGodClass_40783.java,1.0,1.0,1.0,1.0,1.0,1.0,1.0
NotGodClass_40802.java,1.0,1.0,0.9251,1.0,0.5814,0.3553,0.9626
NotGodClass_40806.java,0.5,0.0,0.8345,0.0,0.5508,0.258,0.6673
NotGodClass_40817.java,0.3333,0.0,0.879,0.0,0.7233,0.3438,0.6061
NotGodClass_40824.java,0.0769,0.0,0.8606,0.0,0.173,0.2111,0.4688
NotGodClass_40836.java,1.0,1.0,0.8935,1.0,0.9998,0.3282,0.9467
NotGodClass_40841.java,0.5,0.0,0.9158,0.0,0.4141,0.1472,0.7079
NotGodClass_40852.java,0.5,0.0,0.9076,0.0,0.3503,0.3321,0.7038
NotGodClass_40855.java,1.0,1.0,0.754,1.0,0.5747,0.1463,0.877
NotGodClass_40856.java,1.0,1.0,0.9195,1.0,0.9906,0.1226,0.9597
NotGodClass_40880.java,1.0,1.0,0.8303,1.0,0.3165,0.2562,0.9152
NotGodClass_40882.java,0.3333,0.0,0.9106,0.0,0.4085,0.3728,0.622
NotGodClass_4089.java,1.0,0.0,0.7057,0.0,0.1872,0.1885,0.8528
NotGodClass_40900.java,1.0,1.0,1.0,1.0,1.0,1.0,1.0
NotGodClass_40913.java,0.5,0.0,0.9435,0.0,0.4521,0.6275,0.7218
NotGodClass_40915.java,1.0,0.3333,0.8048,0.1111,0.2964,0.3123,0.9024
NotGodClass_40918.java,0.1667,0.0,0.5709,0.0,0.2811,0.1408,0.3688
NotGodClass_40959.java,0.2,0.0,0.9302,0.0,0.2212,0.3845,0.5651
NotGodClass_40962.java,0.25,0.0,0.7753,0.0,0.6104,0.3587,0.5127
NotGodClass_40968.java,0.5,0.0,0.9176,0.0,0.9999,0.7229,0.7088
NotGodClass_40981.java,1.0,0.0,0.9089,0.0,0.9991,0.303,0.9545
NotGodClass_40991.java,0.1667,0.0,0.8368,0.0,0.5116,0.2201,0.5018
NotGodClass_4101.java,0.125,0.175,0.6749,0.0972,0.3398,0.1577,0.4
NotGodClass_41017.java,1.0,0.0,0.832,0.0,0.2567,0.3217,0.916
NotGodClass_41061.java,1.0,1.0,0.5882,1.0,0.6508,0.2326,0.7941
NotGodClass_41064.java,1.0,0.0,0.7823,0.0,0.3461,0.2579,0.8911
NotGodClass_41068.java,1.0,1.0,0.8894,1.0,0.5959,0.3557,0.9447
NotGodClass_4114.java,0.5,0.25,0.6783,0.1351,0.2367,0.193,0.5892
NotGodClass_4141.java,0.5,0.0,0.7893,0.0,0.998,0.4401,0.6446
NotGodClass_4142.java,1.0,1.0,0.8465,1.0,0.5139,0.325,0.9233
NotGodClass_4151.java,1.0,1.0,1.0,1.0,1.0,1.0,1.0
NotGodClass_4166.java,1.0,0.4,0.5816,0.2133,0.2987,0.1504,0.7908
NotGodClass_4171.java,1.0,1.0,0.792,1.0,0.9873,0.0186,0.896
NotGodClass_4175.java,1.0,1.0,0.4322,1.0,0.4316,0.2619,0.7161
NotGodClass_4187.java,0.5,0.3072,0.7965,0.2505,0.5026,0.1815,0.6482
NotGodClass_4195.java,1.0,1.0,0.7967,1.0,0.5545,0.3033,0.8983
NotGodClass_4208.java,0.0909,0.0,0.6758,0.0,0.208,0.1538,0.3833
NotGodClass_4211.java,1.0,1.0,1.0,1.0,1.0,1.0,1.0
NotGodClass_4215.java,1.0,1.0,0.7174,1.0,0.3419,0.043,0.8587
NotGodClass_4218.java,1.0,1.0,1.0,1.0,1.0,1.0,1.0
NotGodClass_4219.java,0.2,0.0,0.6319,0.0,0.3084,0.2447,0.416
NotGodClass_4239.java,0.5,0.0,0.6498,0.0,0.4384,0.0874,0.5749
NotGodClass_4242.java,0.2,0.1667,0.5488,0.1481,0.2115,0.1711,0.3744
NotGodClass_4243.java,0.3333,0.1429,0.5588,0.1007,0.2832,0.1062,0.446
NotGodClass_4247.java,0.0833,0.0381,0.5579,0.0302,0.2215,0.1032,0.3206
NotGodClass_4250.java,0.1667,0.0554,0.6163,0.0299,0.2355,0.0628,0.3915
NotGodClass_4252.java,0.25,0.0,0.7941,0.0,0.1474,0.1307,0.5221
NotGodClass_4278.java,0.5,0.5357,0.6918,0.3833,0.2011,0.1327,0.5959
NotGodClass_4279.java,0.5,0.3333,0.7168,0.2053,0.1841,0.101,0.6084
NotGodClass_4307.java,0.1429,0.0,0.7672,0.0,0.1907,0.3032,0.4551
NotGodClass_4332.java,1.0,1.0,1.0,1.0,1.0,1.0,1.0
NotGodClass_4334.java,1.0,1.0,0.9638,1.0,1.0,0.7103,0.9819
NotGodClass_4336.java,0.1429,0.0,0.7637,0.0,0.2705,0.2584,0.4533
NotGodClass_4352.java,1.0,1.0,1.0,1.0,1.0,1.0,1.0
NotGodClass_4370.java,1.0,1.0,0.6465,1.0,0.5072,0.1959,0.8233
NotGodClass_4390.java,1.0,1.0,0.6788,1.0,0.5804,0.6025,0.8394
NotGodClass_4404.java,1.0,0.3333,0.7827,0.1937,0.1856,0.146,0.8913
NotGodClass_4405.java,0.25,0.1634,0.6972,0.1092,0.2242,0.1085,0.4736
NotGodClass_4490.java,0.25,0.0667,0.8177,0.0667,0.3528,0.3815,0.5338
NotGodClass_4502.java,0.2,0.0,0.7006,0.0,0.3488,0.294,0.4503
NotGodClass_4516.java,0.1429,0.0,0.6722,0.0,0.4281,0.2006,0.4076
NotGodClass_4546.java,0.1429,0.0545,0.7761,0.0545,0.2551,0.1751,0.4595
NotGodClass_4553.java,0.5,0.4182,0.7768,0.3382,0.2646,0.2214,0.6384
NotGodClass_4560.java,1.0,1.0,1.0,1.0,1.0,1.0,1.0
NotGodClass_45665.java,1.0,1.0,1.0,1.0,1.0,1.0,1.0
NotGodClass_45671.java,0.1,0.0,0.8089,0.0,0.2825,0.2707,0.4544
NotGodClass_4575.java,1.0,0.4,0.6466,0.3111,0.3775,0.2746,0.8233
NotGodClass_4577.java,1.0,1.0,0.3092,1.0,0.3921,0.0,0.6546
NotGodClass_4578.java,1.0,1.0,0.8914,1.0,0.9996,0.3116,0.9457
NotGodClass_4600.java,1.0,1.0,1.0,1.0,1.0,1.0,1.0
NotGodClass_4633.java,0.1667,0.1556,0.6216,0.1556,0.1615,0.1351,0.3942
NotGodClass_4636.java,0.5,0.0,0.6121,0.0,0.9937,0.1821,0.556
NotGodClass_4638.java,0.5,0.0,0.6198,0.0,0.38,0.165,0.5599
NotGodClass_4639.java,0.5,0.0,0.6663,0.0,0.4249,0.2802,0.5832
NotGodClass_4647.java,0.3333,0.2179,0.5565,0.0982,0.2096,0.1376,0.4449
NotGodClass_4651.java,1.0,1.0,0.7197,1.0,0.4291,0.0,0.8599
NotGodClass_4653.java,0.3333,0.0,0.7569,0.0,0.2857,0.1847,0.5451
NotGodClass_4670.java,1.0,1.0,0.9408,1.0,0.5163,0.721,0.9704
NotGodClass_4671.java,1.0,1.0,1.0,1.0,1.0,1.0,1.0
NotGodClass_4702.java,1.0,1.0,1.0,1.0,1.0,1.0,1.0
NotGodClass_4710.java,1.0,0.0,0.8285,0.0,0.4034,0.3346,0.9143
NotGodClass_4711.java,0.3333,0.006,0.8487,0.0047,0.2376,0.2446,0.591
NotGodClass_4728.java,0.2,0.0,0.6642,0.0,0.3724,0.2199,0.4321
NotGodClass_597.java,1.0,1.0,1.0,1.0,1.0,1.0,1.0
NotGodClass_661.java,1.0,1.0,1.0,1.0,1.0,1.0,1.0
NotGodClass_6744.java,1.0,1.0,0.6808,1.0,0.39,0.0,0.8404
NotGodClass_6746.java,1.0,1.0,1.0,1.0,1.0,1.0,1.0
NotGodClass_6747.java,1.0,1.0,0.7477,0.6667,0.5681,0.0477,0.8739
NotGodClass_6752.java,1.0,1.0,0.8434,1.0,0.5916,0.4391,0.9217
NotGodClass_6754.java,1.0,1.0,0.8449,1.0,0.587,0.4009,0.9224
NotGodClass_6762.java,1.0,1.0,0.9262,1.0,0.5965,0.1596,0.9631
NotGodClass_6766.java,1.0,0.0278,0.847,0.0185,0.4636,0.2387,0.9235
NotGodClass_6769.java,1.0,1.0,0.8683,1.0,0.7024,0.7268,0.9342
NotGodClass_6832.java,1.0,1.0,0.8207,1.0,0.7454,0.4045,0.9103
NotGodClass_6838.java,0.3333,0.2,0.8036,0.1333,0.2866,0.2537,0.5685
NotGodClass_6846.java,1.0,1.0,0.9192,1.0,0.1586,0.2605,0.9596
NotGodClass_6847.java,1.0,1.0,0.8958,1.0,0.9996,0.1941,0.9479
NotGodClass_6858.java,0.5,0.0,0.8389,0.0,0.9997,0.1689,0.6694
NotGodClass_6863.java,1.0,1.0,0.9747,1.0,0.9999,0.8327,0.9873
NotGodClass_6865.java,0.125,0.0,0.8737,0.0,0.2375,0.2588,0.4994
NotGodClass_6872.java,1.0,1.0,0.8661,1.0,0.2542,0.2879,0.933
NotGodClass_6881.java,1.0,0.1667,0.8993,0.1111,0.2436,0.2439,0.9496
NotGodClass_6883.java,0.3333,0.0,0.8539,0.0,0.2224,0.2926,0.5936
NotGodClass_6972.java,1.0,1.0,0.3724,1.0,0.5583,0.084,0.6862
NotGodClass_6976.java,0.5,0.0,0.8913,0.0,0.9999,0.3341,0.6956
NotGodClass_6977.java,0.3333,0.0,0.7716,0.0,0.1908,0.1638,0.5524
NotGodClass_6979.java,1.0,1.0,0.7129,1.0,0.4182,0.0,0.8564
NotGodClass_6998.java,1.0,1.0,0.928,1.0,0.3854,0.1591,0.964
NotGodClass_7020.java,0.5,0.0,0.7763,0.0,0.9977,0.3554,0.6381
NotGodClass_7034.java,0.5,0.0,0.7842,0.0,0.4615,0.2343,0.6421
NotGodClass_7040.java,1.0,1.0,1.0,1.0,1.0,1.0,1.0
NotGodClass_7059.java,1.0,1.0,1.0,1.0,1.0,1.0,1.0
NotGodClass_7063.java,1.0,1.0,1.0,1.0,1.0,1.0,1.0
NotGodClass_7065.java,0.5,0.0,0.6413,0.0,0.6549,0.2104,0.5706
NotGodClass_7066.java,1.0,1.0,1.0,1.0,1.0,1.0,1.0
NotGodClass_7072.java,1.0,0.0,0.755,0.0,0.2607,0.2354,0.8775
NotGodClass_7084.java,1.0,1.0,0.6079,1.0,0.9978,0.342,0.8039
NotGodClass_7092.java,0.125,0.0385,0.7253,0.0385,0.1861,0.2291,0.4251
NotGodClass_7099.java,1.0,1.0,1.0,1.0,1.0,1.0,1.0
NotGodClass_7127.java,1.0,0.8889,0.797,0.5894,0.1408,0.3183,0.8985
NotGodClass_7166.java,1.0,0.7143,0.8167,0.5714,0.22,0.2216,0.9083
NotGodClass_7172.java,0.5,0.0,0.8306,0.0,0.4993,0.4423,0.6653
NotGodClass_7180.java,0.5,0.0,0.9648,0.0,0.7772,0.4485,0.7324
NotGodClass_7192.java,0.5,0.0,0.7986,0.0,0.43,0.3214,0.6493
NotGodClass_7236.java,1.0,1.0,0.9011,1.0,1.0,0.1564,0.9506
NotGodClass_7262.java,1.0,1.0,0.8445,1.0,0.1626,0.2831,0.9223
NotGodClass_7274.java,0.25,0.0,0.6837,0.0,0.4104,0.1121,0.4668
NotGodClass_7277.java,0.5,0.0,0.6896,0.0,0.2367,0.0971,0.5948
NotGodClass_7299.java,1.0,1.0,0.8844,1.0,0.4185,0.0,0.9422
NotGodClass_7300.java,0.5,0.0,0.6057,0.0,0.7206,0.2345,0.5529
NotGodClass_7307.java,0.3333,0.0,0.8208,0.0,0.6396,0.3652,0.577
NotGodClass_7311.java,0.0833,0.0,0.7417,0.0,0.2498,0.1816,0.4125
NotGodClass_7313.java,0.2,0.1429,0.8015,0.1111,0.2169,0.1458,0.5008
NotGodClass_7327.java,0.2,0.1429,0.665,0.1429,0.2351,0.2423,0.4325
NotGodClass_7352.java,1.0,1.0,1.0,1.0,1.0,1.0,1.0
NotGodClass_7354.java,1.0,1.0,1.0,1.0,1.0,1.0,1.0
NotGodClass_7365.java,1.0,1.0,0.838,1.0,1.0,0.0783,0.919
NotGodClass_7379.java,1.0,1.0,0.8052,1.0,0.4951,0.6747,0.9026
NotGodClass_7386.java,1.0,1.0,1.0,1.0,1.0,1.0,1.0
NotGodClass_7438.java,1.0,1.0,1.0,1.0,1.0,1.0,1.0
NotGodClass_7444.java,0.4166,0.0,0.8097,0.0,0.4621,0.1749,0.6132
NotGodClass_7451.java,0.0625,0.0,0.6364,0.0,0.2227,0.1109,0.3494
NotGodClass_7454.java,1.0,1.0,0.8993,1.0,0.3859,0.4978,0.9496
NotGodClass_7480.java,1.0,0.2857,0.7122,0.2571,0.2124,0.1877,0.8561
NotGodClass_7500.java,0.2,0.1071,0.6052,0.1071,0.2546,0.2202,0.4026
NotGodClass_7521.java,1.0,1.0,1.0,1.0,1.0,1.0,1.0
NotGodClass_7525.java,1.0,1.0,1.0,1.0,1.0,1.0,1.0
NotGodClass_7536.java,1.0,1.0,1.0,1.0,1.0,1.0,1.0
NotGodClass_7546.java,1.0,1.0,0.7938,0.7244,0.2853,0.1532,0.8969
NotGodClass_7550.java,1.0,1.0,0.764,0.9429,0.3026,0.1641,0.882
NotGodClass_7555.java,1.0,1.0,0.7921,0.7438,0.2855,0.169,0.8961
NotGodClass_7559.java,1.0,1.0,0.7643,1.0,0.3161,0.14,0.8821
NotGodClass_7574.java,1.0,1.0,1.0,1.0,1.0,1.0,1.0
NotGodClass_7655.java,0.3333,0.0,0.8648,0.0,0.9995,0.2214,0.599
NotGodClass_7660.java,0.25,0.0,0.8174,0.0,0.3535,0.2505,0.5337
NotGodClass_7668.java,0.5,0.3333,0.8789,0.3333,0.4979,0.3121,0.6895
NotGodClass_7688.java,1.0,1.0,0.8655,1.0,0.3645,0.3443,0.9327
NotGodClass_7721.java,1.0,1.0,0.8652,1.0,0.3397,0.2903,0.9326
NotGodClass_7728.java,1.0,1.0,0.9338,1.0,0.3356,0.1358,0.9669
NotGodClass_7766.java,1.0,0.6667,0.7816,0.3016,0.633,0.1256,0.8908
NotGodClass_7770.java,0.25,0.0952,0.703,0.0952,0.2005,0.3127,0.4765
NotGodClass_7782.java,1.0,0.0,0.9146,0.0,0.6094,0.3401,0.9573
NotGodClass_7792.java,0.5,0.0,0.8917,0.0,0.3614,0.4975,0.6959
NotGodClass_7795.java,0.5,0.0,0.8814,0.0,0.456,0.4456,0.6907
NotGodClass_7796.java,1.0,1.0,0.9059,1.0,0.6199,0.7635,0.9529
NotGodClass_7814.java,1.0,1.0,0.9085,1.0,0.9987,0.2721,0.9543
NotGodClass_7817.java,1.0,1.0,0.8424,1.0,0.4704,0.3267,0.9212
NotGodClass_7821.java,1.0,1.0,0.879,1.0,0.3568,0.1913,0.9395
NotGodClass_7823.java,1.0,1.0,0.9083,1.0,0.9999,0.3978,0.9542
NotGodClass_7828.java,1.0,1.0,0.898,1.0,0.34,0.2361,0.949
NotGodClass_7831.java,1.0,0.0,0.877,0.0,0.6177,0.3712,0.9385
NotGodClass_7840.java,1.0,1.0,0.7942,1.0,0.9997,0.1971,0.8971
NotGodClass_7846.java,1.0,1.0,0.8265,1.0,1.0,0.3809,0.9133
NotGodClass_7848.java,1.0,1.0,0.8799,1.0,0.3547,0.2679,0.94
NotGodClass_7852.java,1.0,1.0,0.8986,1.0,0.9997,0.3378,0.9493
NotGodClass_7891.java,1.0,0.0,0.7471,0.0,0.3996,0.2131,0.8736
NotGodClass_7899.java,1.0,1.0,0.728,1.0,0.4291,0.324,0.864
NotGodClass_7907.java,0.5,0.5,0.8496,0.4167,0.349,0.4027,0.6748
NotGodClass_7908.java,0.25,0.0,0.737,0.0,0.2408,0.2219,0.4935
NotGodClass_7930.java,0.3333,0.0,0.7877,0.0,0.469,0.2955,0.5605
NotGodClass_7934.java,0.5,0.3333,0.7027,0.3333,0.4641,0.2015,0.6014
NotGodClass_7940.java,1.0,1.0,0.6902,1.0,0.9988,0.233,0.8451
NotGodClass_7946.java,1.0,0.1091,0.9023,0.1091,0.2019,0.2796,0.9511
NotGodClass_7956.java,0.25,0.0,0.6316,0.0,0.4611,0.1126,0.4408
NotGodClass_7959.java,0.1429,0.0,0.6708,0.0,0.241,0.1437,0.4068
NotGodClass_7960.java,1.0,1.0,0.6228,1.0,0.3519,0.1953,0.8114
NotGodClass_7963.java,0.25,0.0,0.6004,0.0,0.4525,0.1014,0.4252
NotGodClass_7985.java,0.3333,0.0,0.742,0.0,0.3593,0.0641,0.5376
NotGodClass_7998.java,0.25,0.1,0.6311,0.0667,0.2929,0.0653,0.4405
NotGodClass_7999.java,1.0,0.6786,0.754,0.3535,0.5595,0.2994,0.877
NotGodClass_8011.java,0.5,0.3333,0.8945,0.3333,0.4648,0.4358,0.6972
NotGodClass_8016.java,0.3333,0.0,0.867,0.0,0.4441,0.3009,0.6001
NotGodClass_8071.java,1.0,1.0,0.6765,0.6667,0.5519,0.0828,0.8382
NotGodClass_8082.java,0.5,0.3,0.7601,0.15,0.2086,0.2774,0.63
NotGodClass_8084.java,1.0,0.6667,0.7912,0.2667,0.3328,0.2603,0.8956
NotGodClass_8096.java,1.0,0.0,0.8506,0.0,0.2923,0.2028,0.9253
NotGodClass_8099.java,1.0,1.0,0.3437,1.0,0.4017,0.1605,0.6719
NotGodClass_8100.java,0.3333,0.4,0.8149,0.3333,0.2919,0.1684,0.5741
NotGodClass_8102.java,1.0,1.0,0.8335,0.4,0.3712,0.2654,0.9167
NotGodClass_8110.java,0.3333,0.0,0.8307,0.0,0.2077,0.2155,0.582
NotGodClass_8111.java,0.5,0.0,0.783,0.0,0.4198,0.0963,0.6415
NotGodClass_8116.java,0.5,0.0,0.9226,0.0,0.3985,0.0024,0.7113
NotGodClass_8117.java,0.1429,0.0,0.7006,0.0,0.2127,0.0913,0.4218
NotGodClass_8118.java,1.0,1.0,0.3494,1.0,0.9937,0.2196,0.6747
NotGodClass_8129.java,0.3333,0.0,0.8864,0.0,0.4119,0.3558,0.6099
NotGodClass_8142.java,0.5,0.0,0.7866,0.0,0.3783,0.2092,0.6433
NotGodClass_8149.java,1.0,1.0,0.5303,1.0,0.9975,0.3216,0.7651
NotGodClass_8151.java,1.0,1.0,0.4131,1.0,0.409,0.1681,0.7066
NotGodClass_8155.java,1.0,1.0,0.4225,1.0,0.9983,0.0978,0.7112
NotGodClass_8156.java,1.0,1.0,0.3236,1.0,0.9996,0.0454,0.6618
NotGodClass_8157.java,1.0,0.0,0.924,0.0,0.3702,0.2371,0.962
NotGodClass_8160.java,1.0,0.0,0.817,0.0,0.9998,0.1441,0.9085
NotGodClass_8171.java,1.0,1.0,0.8295,1.0,0.3362,0.2986,0.9147
NotGodClass_8173.java,0.3333,0.0,0.8481,0.0,0.324,0.2189,0.5907
NotGodClass_8184.java,0.2,0.0158,0.7844,0.0123,0.264,0.1882,0.4922
NotGodClass_8355.java,0.5,0.2,0.6573,0.1333,0.5676,0.1528,0.5786
NotGodClass_8376.java,1.0,1.0,0.7304,1.0,0.4304,0.0,0.8652
NotGodClass_8391.java,0.25,0.0074,0.7172,0.0049,0.2056,0.1457,0.4836
NotGodClass_8403.java,1.0,1.0,0.8225,1.0,0.3158,0.305,0.9113
NotGodClass_8405.java,0.5,0.0222,0.8629,0.0222,0.1468,0.2037,0.6815
NotGodClass_8489.java,0.25,0.1333,0.7851,0.1333,0.313,0.2453,0.5175
NotGodClass_8509.java,1.0,1.0,0.8371,1.0,0.9999,0.6101,0.9185
NotGodClass_8526.java,1.0,1.0,0.4458,1.0,0.4922,0.0,0.7229
NotGodClass_8559.java,0.1667,0.0,0.8317,0.0,0.3706,0.1226,0.4992
NotGodClass_8560.java,0.2,0.0,0.8467,0.0,0.4518,0.1219,0.5233
NotGodClass_8613.java,1.0,1.0,0.3622,1.0,0.4494,0.1598,0.6811
NotGodClass_8618.java,1.0,1.0,0.8508,1.0,0.9985,0.089,0.9254
NotGodClass_8624.java,1.0,1.0,1.0,1.0,1.0,1.0,1.0
NotGodClass_8633.java,1.0,1.0,1.0,1.0,1.0,1.0,1.0
NotGodClass_8635.java,0.5,0.0476,0.8369,0.0476,0.1561,0.1834,0.6684
NotGodClass_8662.java,1.0,1.0,1.0,1.0,1.0,1.0,1.0
NotGodClass_8673.java,0.0303,0.0582,0.7309,0.038,0.2425,0.0975,0.3806
NotGodClass_8686.java,0.0526,0.004,0.7661,0.004,0.2818,0.2657,0.4093
NotGodClass_8705.java,0.0526,0.0,0.7651,0.0,0.2968,0.1769,0.4088
NotGodClass_8739.java,0.5,0.0,0.9844,0.0,1.0,0.78,0.7422
NotGodClass_8771.java,0.037,0.0,0.7562,0.0,0.2588,0.2529,0.3966
NotGodClass_8816.java,0.5,0.0,0.9698,0.0,1.0,0.7203,0.7349
NotGodClass_8837.java,0.5,0.0,0.959,0.0,0.9999,0.6391,0.7295
NotGodClass_9265.java,1.0,1.0,1.0,1.0,1.0,1.0,1.0
NotGodClass_9278.java,1.0,1.0,0.8403,1.0,0.6063,0.6726,0.9202
NotGodClass_9286.java,0.1111,0.0643,0.5274,0.0643,0.2852,0.1474,0.3192
NotGodClass_9288.java,0.0714,0.037,0.5774,0.037,0.2754,0.1057,0.3244
NotGodClass_9347.java,0.1429,0.0357,0.5828,0.0195,0.2425,0.0856,0.3629
NotGodClass_9415.java,0.3333,0.1842,0.6305,0.1368,0.36,0.1977,0.4819
NotGodClass_9435.java,0.3333,0.2143,0.607,0.1667,0.2856,0.2448,0.4701
NotGodClass_9441.java,0.25,0.25,0.5817,0.25,0.2837,0.203,0.4158
NotGodClass_9452.java,0.3333,0.25,0.6191,0.1667,0.3493,0.2612,0.4762
NotGodClass_9465.java,1.0,1.0,0.5904,1.0,1.0,0.5498,0.7952
NotGodClass_9481.java,1.0,1.0,1.0,1.0,1.0,1.0,1.0
NotGodClass_9502.java,0.25,0.0278,0.7726,0.0278,0.1612,0.1277,0.5113
NotGodClass_9523.java,0.3333,0.3091,0.682,0.2636,0.249,0.2032,0.5077
NotGodClass_9552.java,0.3333,0.2,0.588,0.2,0.3124,0.1436,0.4607
NotGodClass_9553.java,0.3333,0.0,0.8032,0.0,0.3069,0.3259,0.5683
NotGodClass_9567.java,1.0,1.0,1.0,1.0,1.0,1.0,1.0
NotGodClass_9573.java,0.1111,0.0303,0.6051,0.0303,0.2587,0.1253,0.3581
NotGodClass_9599.java,1.0,0.0,0.8727,0.0,0.7368,0.3686,0.9364
NotGodClass_9603.java,1.0,1.0,0.9072,1.0,1.0,0.8682,0.9536
NotGodClass_9621.java,1.0,1.0,0.7974,1.0,0.3673,0.0771,0.8987
NotGodClass_9624.java,0.2,0.0,0.7918,0.0,0.4411,0.3586,0.4959
NotGodClass_9651.java,0.2,0.1111,0.6868,0.1111,0.2897,0.2315,0.4434
NotGodClass_9658.java,0.2,0.1978,0.6724,0.1538,0.2111,0.2209,0.4362
NotGodClass_9659.java,0.1111,0.0847,0.5731,0.0666,0.2496,0.1288,0.3421
NotGodClass_9671.java,0.2,0.1111,0.5614,0.1111,0.3331,0.215,0.3807
NotGodClass_9675.java,0.3333,0.2857,0.5145,0.2857,0.3177,0.2271,0.4239
NotGodClass_9676.java,0.1667,0.0909,0.5526,0.0909,0.2959,0.2318,0.3596
NotGodClass_9677.java,0.25,0.2,0.5153,0.2,0.2737,0.163,0.3826
NotGodClass_9678.java,0.25,0.1429,0.594,0.1429,0.2587,0.1913,0.422
NotGodClass_9692.java,0.1429,0.0769,0.6025,0.0769,0.3111,0.3002,0.3727
NotGodClass_9716.java,0.1667,0.0909,0.5659,0.0909,0.2345,0.1442,0.3663
NotGodClass_9727.java,1.0,1.0,1.0,1.0,1.0,1.0,1.0
NotGodClass_9734.java,1.0,1.0,1.0,1.0,1.0,1.0,1.0
NotGodClass_9736.java,0.2,0.0,0.6412,0.0,0.3643,0.0736,0.4206
NotGodClass_9737.java,0.1667,0.0,0.6776,0.0,0.378,0.0681,0.4221
NotGodClass_9741.java,1.0,1.0,1.0,1.0,1.0,1.0,1.0
NotGodClass_9750.java,1.0,1.0,0.7618,1.0,0.3267,0.4901,0.8809
NotGodClass_9762.java,1.0,1.0,0.3607,1.0,0.5065,0.0683,0.6804
NotGodClass_9779.java,0.6,0.5179,0.9524,0.5138,0.6035,0.6691,0.7762
NotGodClass_9784.java,1.0,0.5834,0.9098,0.5547,0.6225,0.6689,0.9549
NotGodClass_9785.java,1.0,1.0,1.0,1.0,1.0,1.0,1.0
NotGodClass_9809.java,0.5,0.3333,0.9156,0.1711,0.491,0.2483,0.7078
NotGodClass_9811.java,1.0,1.0,0.5231,1.0,0.5705,0.288,0.7615
NotGodClass_9846.java,1.0,1.0,1.0,1.0,1.0,1.0,1.0
NotGodClass_9877.java,1.0,1.0,0.9343,1.0,1.0,0.6024,0.9671
NotGodClass_9880.java,1.0,1.0,0.9334,1.0,1.0,0.6225,0.9667
NotGodClass_9885.java,1.0,1.0,0.9343,1.0,1.0,0.6024,0.9671
NotGodClass_9905.java,1.0,0.8291,0.6643,0.4061,0.2841,0.2104,0.8321
NotGodClass_9911.java,0.1,0.0,0.5657,0.0,0.2459,0.0739,0.3328
NotGodClass_9912.java,0.25,0.0,0.6489,0.0,0.179,0.1314,0.4495
NotGodClass_9920.java,0.5,0.3333,0.6905,0.3333,0.4734,0.4104,0.5953
NotGodClass_9926.java,1.0,1.0,0.6574,1.0,0.1462,0.118,0.8287
NotGodClass_9936.java,1.0,1.0,0.7793,1.0,0.1255,0.3602,0.8897
NotGodClass_9941.java,0.2,0.0,0.8461,0.0,0.371,0.5288,0.5231
NotGodClass_9953.java,0.25,0.0,0.7126,0.0,0.5116,0.0123,0.4813
NotGodClass_9959.java,0.25,0.1333,0.7138,0.0339,0.2914,0.1249,0.4819
NotGodClass_9998.java,0.0345,0.0,0.757,0.0,0.3149,0.2517,0.3957
